km,abs,airco,price,radio,tow_bar,cd_player,met_color,mistlamps,sport_model,central_lock,metallic_rim,mfr_guarantee,bovag_guarantee,backseat_divider,age_08_04_calculada,fuel_type_encoded
130062.0,1,1,11750.0,0,1,0,1,0,0,0,0,0,1,1,39,1
123425.0,1,1,13250.0,0,0,1,1,0,0,1,0,0,1,1,40,1
118217.0,1,1,11950.0,0,0,1,1,0,0,1,0,0,1,1,36,2
110000.0,1,1,11900.0,0,0,0,1,0,0,1,0,0,0,0,43,1
108847.0,1,1,14750.0,0,1,0,1,1,0,1,0,0,1,1,38,1
105699.0,1,0,9950.0,0,0,0,1,0,0,0,0,0,1,1,41,2
98823.0,1,1,11950.0,0,1,1,1,0,0,1,0,1,1,1,38,0
96829.0,1,1,11495.0,0,0,1,1,0,0,0,1,1,1,1,43,2
96518.0,1,1,11250.0,1,1,0,1,0,0,0,0,0,1,0,39,2
92204.0,1,1,10500.0,0,0,0,1,0,0,1,0,1,1,1,41,2
91456.0,1,1,10450.0,0,0,0,1,1,0,1,0,0,1,1,34,1
89968.0,0,0,12950.0,1,0,0,1,0,0,1,1,0,0,1,42,1
89757.0,1,1,11500.0,0,0,1,1,1,1,1,1,1,1,1,43,2
85389.0,1,1,12500.0,0,0,0,1,0,0,1,0,0,1,1,39,2
85017.0,1,0,10950.0,0,0,1,0,0,0,0,0,1,1,1,42,2
84312.0,1,1,11450.0,0,0,0,0,1,0,1,0,0,1,1,40,2
82743.0,1,1,11950.0,0,0,1,1,1,0,1,0,1,1,1,36,0
81106.0,1,1,13250.0,0,0,0,1,0,0,1,0,0,1,1,40,1
80425.0,1,1,14750.0,0,0,1,1,1,0,1,0,0,1,1,39,1
78677.0,1,1,11790.0,0,1,1,1,0,0,1,0,0,1,1,33,2
78425.0,1,0,11450.0,0,1,1,1,0,0,0,0,0,1,1,39,2
78108.0,1,1,13500.0,0,0,0,1,1,0,1,0,1,1,1,32,1
77321.0,1,1,10950.0,0,0,0,1,0,0,1,0,0,1,1,32,2
75699.0,1,1,13500.0,1,0,0,0,0,0,1,0,1,1,1,32,1
75697.0,1,0,10950.0,0,0,0,1,0,0,0,0,1,1,1,40,2
74846.0,1,0,10950.0,0,0,0,1,0,0,1,1,1,1,1,43,2
74319.0,1,1,12950.0,0,1,1,1,0,0,1,0,1,1,1,37,2
74285.0,0,0,11950.0,1,1,0,1,0,0,0,0,0,1,0,42,2
74172.0,0,1,12450.0,0,0,1,1,0,0,1,0,1,1,1,43,2
73042.0,1,1,11950.0,0,1,1,1,0,0,1,0,1,1,1,39,2
71200.0,1,1,12450.0,0,0,1,1,0,0,0,0,0,1,1,34,2
67805.0,1,1,12950.0,0,0,1,1,0,0,0,0,1,1,1,37,2
65988.0,1,0,11950.0,1,0,0,1,0,0,0,0,1,1,1,34,2
65345.0,1,1,11690.0,0,1,1,1,0,0,1,0,1,1,1,33,2
64564.0,1,1,12450.0,0,0,1,1,1,0,1,0,1,1,1,41,2
63459.0,1,1,12750.0,0,0,1,1,0,0,1,1,1,1,1,35,2
63451.0,1,0,11925.0,0,0,0,0,0,0,0,0,1,1,1,43,2
62000.0,1,1,12950.0,1,0,0,1,0,0,1,0,1,0,0,32,2
61300.0,1,1,11950.0,0,0,1,1,1,0,1,0,1,1,1,41,2
61200.0,1,1,12900.0,0,0,1,1,1,0,1,1,1,1,1,40,2
61000.0,1,0,11900.0,0,0,0,0,0,0,0,0,0,1,1,40,2
60829.0,1,0,11650.0,0,0,0,1,0,0,0,0,1,1,1,37,2
60500.0,0,0,10950.0,0,0,0,0,0,0,0,0,1,1,0,43,2
59500.0,1,1,13950.0,1,0,0,1,0,0,1,0,1,0,0,34,1
59000.0,1,1,13950.0,0,0,0,0,1,0,1,0,0,1,1,43,2
58954.0,1,1,11950.0,1,0,0,1,0,0,1,0,0,1,0,39,2
58798.0,1,0,10950.0,0,0,0,1,0,0,0,0,1,1,1,37,2
58363.0,1,1,12450.0,0,0,1,1,1,1,1,1,0,1,1,37,2
58277.0,1,1,11950.0,0,0,0,1,1,0,1,0,0,1,1,42,2
57711.0,1,1,13500.0,1,0,0,1,0,0,0,0,1,1,1,32,1
57269.0,1,1,11690.0,1,0,0,1,0,0,1,0,1,1,1,32,2
56001.0,1,1,13500.0,0,1,0,1,0,0,1,0,1,1,1,38,2
55968.0,1,1,11950.0,0,0,0,0,0,1,0,0,1,1,1,41,2
55678.0,1,1,12900.0,0,1,1,1,0,0,1,1,1,1,1,38,2
55539.0,1,1,13500.0,1,0,0,1,0,1,0,0,1,1,1,42,2
55400.0,0,0,11750.0,0,1,1,0,0,0,0,0,1,1,1,41,2
55350.0,1,1,11750.0,0,0,1,0,0,0,1,0,1,1,1,32,2
54600.0,1,1,10850.0,0,0,0,0,0,0,0,0,1,1,1,42,2
53773.0,1,0,11750.0,1,1,0,1,0,0,0,0,1,1,1,42,2
53644.0,1,0,9940.0,0,0,0,1,0,0,0,0,0,0,0,38,2
53350.0,1,0,12900.0,1,0,0,0,0,0,0,0,1,1,0,41,2
53000.0,1,1,13500.0,1,0,0,1,0,0,1,0,0,1,0,37,2
52084.0,1,1,11750.0,0,0,0,1,0,0,0,1,1,1,1,43,2
52000.0,1,0,11950.0,0,0,0,0,0,0,0,0,0,1,1,43,2
51945.0,1,1,13450.0,0,0,1,1,0,0,1,0,0,1,1,32,2
51732.0,1,0,11950.0,0,0,1,1,0,0,0,0,0,1,1,40,2
50873.0,1,0,12495.0,0,0,1,1,0,0,0,0,1,1,1,38,2
50856.0,1,1,13500.0,1,1,0,0,0,0,1,0,0,1,0,40,2
50640.0,1,0,12750.0,0,0,1,1,0,0,0,0,0,1,1,39,2
50000.0,1,1,12000.0,0,0,0,1,0,0,1,0,0,0,1,38,2
49500.0,1,1,11950.0,0,1,0,1,0,0,1,0,1,1,1,37,2
44218.0,1,0,11895.0,0,1,1,1,0,0,0,1,1,1,1,43,2
49332.0,1,1,12495.0,0,0,1,1,1,0,1,0,1,1,1,43,2
49291.0,1,1,12450.0,0,0,0,1,0,0,0,0,1,1,1,33,2
48952.0,1,1,14750.0,0,1,1,1,1,0,1,0,0,1,1,39,1
48945.0,1,1,10950.0,0,1,1,0,0,0,0,0,0,1,1,38,2
48928.0,1,1,13500.0,1,0,0,1,0,0,0,0,1,1,1,32,1
48197.0,1,0,12950.0,0,0,0,1,0,0,0,0,1,1,1,37,2
48052.0,1,1,13500.0,0,0,0,1,0,0,0,0,1,1,1,34,1
48011.0,1,1,13450.0,0,0,0,1,0,0,0,0,1,1,1,33,2
48000.0,1,0,13500.0,0,1,0,1,0,0,0,0,0,0,0,42,2
47350.0,1,0,11480.0,1,1,0,1,0,0,0,0,1,1,1,40,2
46821.0,1,1,13450.0,0,1,1,1,0,0,1,0,1,1,1,38,2
46694.0,1,0,11495.0,0,0,1,0,0,0,0,1,1,1,1,38,2
46515.0,1,1,12750.0,1,0,0,0,0,0,0,0,0,0,0,42,2
46304.0,1,1,12950.0,0,0,0,1,0,0,1,0,1,1,1,34,2
45886.0,1,1,12950.0,0,1,0,1,1,0,1,0,1,1,1,39,2
45713.0,1,1,12850.0,0,0,1,1,0,0,1,0,0,1,0,38,2
45600.0,1,1,13950.0,0,1,0,1,0,0,1,0,0,1,1,39,2
45287.0,1,0,11950.0,0,1,1,1,0,0,0,0,0,1,1,40,2
45081.0,1,1,12950.0,0,0,1,1,1,0,1,0,1,1,1,38,2
44830.0,1,1,11700.0,0,1,1,1,0,0,0,0,0,1,1,39,2
44757.0,1,1,9950.0,0,0,0,0,0,0,0,0,0,1,1,36,2
64966.0,1,1,8950.0,0,0,0,0,0,0,0,0,0,0,0,61,2
43632.0,1,0,12950.0,0,1,0,1,0,0,1,0,0,1,1,42,2
43427.0,1,0,12500.0,0,0,1,1,0,0,1,1,1,1,1,35,2
43254.0,1,1,13875.0,0,0,1,1,0,0,1,0,1,1,1,38,2
43000.0,1,0,10500.0,0,0,1,0,0,1,1,1,0,1,1,34,2
42823.0,1,1,12295.0,0,0,0,1,0,0,1,0,1,1,1,32,2
42560.0,1,1,13950.0,0,0,1,1,1,0,1,0,1,1,1,41,2
41754.0,1,0,10950.0,0,0,0,0,0,0,0,0,0,1,1,37,2
41499.0,1,0,12950.0,0,0,0,1,0,0,0,0,1,1,1,43,0
41339.0,1,1,12850.0,0,1,1,1,1,0,1,0,1,1,1,39,2
41000.0,1,1,13995.0,0,0,1,1,0,0,1,0,1,1,1,34,2
40000.0,1,1,13750.0,0,1,0,1,1,0,1,1,0,1,1,38,2
39757.0,1,1,12750.0,0,1,1,1,0,0,1,0,1,1,1,36,2
39659.0,1,1,12500.0,0,0,0,1,1,0,1,0,1,1,1,40,2
39650.0,1,0,13950.0,0,0,0,0,1,0,1,1,0,1,1,42,2
39524.0,1,1,11500.0,0,0,1,1,0,0,1,0,1,1,1,38,2
39516.0,1,0,13950.0,0,1,1,1,0,0,1,0,1,1,1,43,2
39439.0,1,0,11895.0,0,0,0,0,0,0,0,0,1,1,1,40,2
39000.0,1,0,9950.0,1,1,0,1,0,0,1,1,0,1,1,43,2
38932.0,1,0,13500.0,0,1,0,1,0,0,1,0,0,1,0,41,2
38812.0,1,1,11450.0,0,0,1,0,0,1,1,0,1,1,1,36,2
38665.0,1,1,12450.0,0,0,0,1,0,0,1,1,1,1,1,41,2
38653.0,1,1,12950.0,0,0,1,1,1,0,1,0,1,1,1,39,2
38461.0,1,1,13995.0,0,1,1,1,1,0,1,0,1,1,1,43,2
38078.0,1,0,11750.0,0,0,0,0,0,0,0,0,0,1,1,41,2
37782.0,1,1,11650.0,0,0,0,1,0,0,1,0,0,1,1,38,2
37576.0,1,1,9950.0,0,0,0,0,1,0,1,0,0,1,1,42,2
37533.0,1,1,13950.0,0,0,0,1,0,0,1,0,0,1,1,40,2
37389.0,1,1,12950.0,0,1,1,1,1,0,1,0,1,1,1,43,2
37320.0,1,1,10950.0,1,0,1,1,0,0,0,0,0,1,1,37,2
37000.0,1,0,9900.0,0,0,0,1,0,0,0,0,1,1,1,41,2
37000.0,1,0,11950.0,0,0,0,0,0,0,0,0,0,1,0,43,2
36566.0,1,1,11990.0,0,0,1,0,1,1,1,1,1,1,1,39,2
36269.0,1,1,10750.0,0,1,1,1,0,0,1,0,0,1,1,35,2
36074.0,1,1,13950.0,1,0,0,1,0,0,1,0,0,1,0,36,2
36066.0,1,0,11250.0,1,1,0,1,0,0,0,0,1,1,1,43,2
34599.0,1,1,12950.0,0,1,0,1,0,0,1,0,0,1,1,38,2
34000.0,1,1,11950.0,0,1,1,1,0,0,1,0,0,1,1,40,2
33623.0,1,0,10950.0,0,0,1,1,0,0,0,0,0,1,1,41,2
33591.0,1,1,12950.0,0,0,0,1,0,0,1,0,0,1,1,32,2
33258.0,1,1,12950.0,1,1,1,1,0,0,1,0,1,1,1,34,2
33113.0,1,0,11695.0,0,0,1,1,0,0,0,0,1,1,1,42,2
33000.0,1,1,11000.0,1,0,0,1,0,0,1,0,0,0,0,40,2
32941.0,1,1,13950.0,0,0,1,1,1,0,1,0,1,1,1,34,2
32781.0,1,1,11950.0,0,0,1,0,0,0,0,0,1,1,1,37,2
32532.0,1,0,11750.0,0,0,1,1,0,0,0,0,1,1,1,39,2
32431.0,1,1,12400.0,0,0,1,1,0,0,1,0,1,1,1,33,2
32000.0,1,0,12500.0,0,0,0,0,0,0,0,0,0,1,1,34,2
31000.0,1,1,12900.0,0,0,0,1,0,0,1,1,0,1,0,32,2
30989.0,1,1,12200.0,0,0,1,0,1,0,1,0,0,1,1,40,2
30742.0,1,1,12750.0,0,0,1,1,0,0,1,0,1,1,1,42,2
30190.0,1,0,11950.0,0,1,0,1,0,0,0,0,1,1,1,41,2
29716.0,1,0,11900.0,0,1,1,1,0,0,0,0,0,1,0,40,2
29716.0,1,1,11950.0,1,0,0,1,0,0,0,0,1,1,1,43,2
29056.0,1,1,11950.0,0,1,1,1,0,0,1,0,1,1,1,40,2
28715.0,1,1,12950.0,0,1,0,1,0,0,1,0,1,1,1,32,2
28362.0,1,1,13450.0,0,1,1,1,0,0,1,1,0,1,1,39,2
28150.0,1,1,13750.0,0,1,0,1,0,0,1,0,0,1,1,37,2
27301.0,1,0,12950.0,0,1,1,1,0,0,0,0,1,1,1,42,2
27240.0,1,1,12750.0,1,0,0,1,0,0,1,0,0,0,0,32,2
27170.0,1,0,11895.0,0,0,0,1,0,0,0,1,1,1,1,38,2
27141.0,1,0,9950.0,0,0,0,1,0,0,0,0,1,1,1,41,2
26262.0,1,1,12450.0,0,0,1,1,0,0,1,0,0,1,1,37,2
26000.0,1,1,12500.0,0,0,0,1,0,0,1,0,1,1,1,37,2
25062.0,1,1,13750.0,0,1,0,1,1,0,1,0,1,1,1,38,2
24723.0,1,0,12695.0,0,0,1,1,0,0,0,0,1,1,1,38,2
24553.0,1,1,12750.0,1,0,0,1,1,0,1,0,1,1,1,42,2
24475.0,0,1,14350.0,0,0,0,1,0,0,1,0,0,1,0,40,2
24444.0,1,0,12950.0,1,1,0,1,0,0,0,0,1,1,1,38,2
24011.0,0,0,11500.0,0,0,0,0,0,0,0,0,1,1,1,34,2
24000.0,1,0,11950.0,0,0,1,1,0,0,0,0,0,1,1,40,2
23616.0,1,1,13450.0,0,0,0,1,0,0,1,0,0,1,1,39,2
22865.0,1,1,12900.0,0,0,1,1,0,0,1,0,1,1,1,37,2
22780.0,1,0,10500.0,1,0,0,1,1,1,1,1,1,1,1,40,2
21904.0,1,0,10950.0,0,0,0,0,0,0,0,0,0,1,1,34,2
21651.0,1,0,11950.0,0,0,0,0,0,0,0,0,1,1,1,40,2
21500.0,1,0,11450.0,0,1,0,1,0,0,1,0,1,0,0,36,2
21027.0,1,1,13250.0,0,1,1,1,1,0,1,0,1,1,1,43,2
18500.0,1,1,10250.0,0,0,0,0,0,0,0,0,0,0,1,38,2
18000.0,1,1,13995.0,0,1,0,1,0,0,1,0,1,1,1,34,2
17051.0,1,0,11950.0,0,0,0,0,0,0,0,0,1,1,1,39,2
16512.0,1,1,13250.0,0,0,1,1,0,0,1,0,0,1,0,32,2
16325.0,1,1,12950.0,0,0,1,1,1,0,1,0,0,1,1,39,2
16000.0,1,1,11750.0,0,0,1,1,0,0,1,0,0,1,1,37,2
12000.0,1,0,11500.0,0,0,0,1,0,0,0,0,0,0,0,38,2
10000.0,1,0,13500.0,1,0,0,1,0,0,0,0,0,0,0,42,2
143513.0,0,0,10250.0,0,0,0,0,0,0,0,0,0,1,0,52,1
142130.0,1,1,9250.0,0,1,1,0,0,0,0,0,0,1,1,47,0
140700.0,1,1,7750.0,0,0,1,1,0,0,1,0,0,1,0,47,1
138394.0,1,1,9450.0,0,0,1,1,0,0,0,1,0,1,1,53,1
137000.0,1,1,7750.0,0,0,0,1,0,1,1,0,0,0,1,54,1
135258.0,1,0,8250.0,0,1,1,1,0,0,0,0,0,1,1,51,1
131364.0,1,0,9950.0,0,0,0,1,0,0,1,0,0,1,1,48,2
126110.0,1,0,9950.0,0,0,0,0,1,0,1,1,0,1,1,49,2
119742.0,1,1,9000.0,1,0,1,1,1,0,1,1,0,1,1,47,2
117913.0,1,1,9950.0,0,0,1,1,1,0,1,1,0,1,0,52,1
117430.0,1,0,12450.0,0,0,1,1,0,0,0,1,0,1,1,46,1
117175.0,1,1,10500.0,0,0,0,1,1,0,1,0,1,1,1,54,2
115558.0,1,1,10750.0,1,1,0,1,1,0,1,0,1,1,1,53,2
115113.0,1,0,8950.0,0,1,1,1,0,0,0,0,1,1,1,52,2
115046.0,1,1,10500.0,0,0,1,1,0,0,1,0,0,1,1,53,1
113997.0,1,0,5150.0,0,0,0,1,0,0,1,0,0,0,0,55,1
107859.0,1,0,10950.0,0,0,0,0,0,0,0,0,1,1,1,48,2
104805.0,1,1,9450.0,0,0,1,1,0,0,0,0,1,1,1,51,2
103454.0,1,1,9950.0,0,0,0,1,1,0,1,1,1,1,1,53,2
103018.0,1,0,10950.0,0,1,0,0,0,0,0,0,0,1,1,50,1
102352.0,1,1,11900.0,0,1,0,1,1,0,1,0,1,1,1,46,2
102030.0,1,1,9950.0,0,0,0,1,0,0,1,0,1,1,1,49,2
101352.0,1,1,11950.0,0,0,0,0,1,0,1,0,1,1,1,53,2
99865.0,1,0,7900.0,0,0,0,1,0,0,0,0,0,1,0,49,2
99323.0,1,1,10950.0,0,0,1,1,1,0,1,1,1,1,1,51,2
98100.0,1,1,8950.0,0,0,0,1,0,0,0,0,0,1,1,47,1
98040.0,1,0,11950.0,0,0,0,0,0,0,0,0,1,1,1,50,2
97600.0,1,1,10900.0,1,1,0,1,0,0,1,0,0,1,0,48,2
97234.0,1,1,9950.0,0,0,0,0,1,0,1,0,0,1,1,54,2
96135.0,1,0,9950.0,0,0,0,0,0,1,0,0,0,1,1,50,1
96100.0,1,1,10950.0,0,0,0,1,1,0,1,0,1,1,1,53,2
94401.0,1,0,8950.0,0,0,0,0,0,1,0,0,0,1,1,54,1
94122.0,1,0,8950.0,0,1,0,1,0,1,1,0,0,1,1,54,2
91340.0,1,1,10500.0,0,1,0,1,1,0,1,1,1,1,1,48,2
90200.0,1,0,8950.0,0,0,1,0,0,0,0,1,0,1,1,52,2
90097.0,1,0,9250.0,1,1,0,1,0,0,0,0,1,1,1,52,1
89049.0,1,1,11500.0,1,0,0,1,0,0,0,0,0,1,0,47,2
89000.0,1,0,9750.0,0,0,0,0,0,0,0,0,0,0,1,51,2
87274.0,1,0,9950.0,0,0,0,1,0,0,1,0,1,1,1,44,2
86221.0,1,1,11450.0,0,0,0,0,1,0,1,0,1,1,1,48,2
84598.0,1,1,12500.0,1,1,0,0,0,0,1,0,0,1,0,53,2
83567.0,1,0,10500.0,0,1,1,0,0,0,0,0,0,1,1,49,2
83106.0,1,1,12950.0,0,1,1,1,0,0,0,0,1,1,1,49,2
82805.0,1,1,12200.0,0,0,1,1,0,0,0,0,1,1,1,49,2
82735.0,1,1,10950.0,0,0,1,1,1,0,1,1,1,1,1,49,2
81905.0,1,1,10950.0,0,0,1,1,1,0,1,0,0,1,0,53,2
80320.0,1,0,11290.0,1,1,0,1,0,0,0,0,1,1,1,48,2
80090.0,1,1,10750.0,1,0,0,1,0,0,1,0,0,1,0,48,2
79800.0,1,0,10895.0,0,0,0,0,0,0,0,0,1,1,1,52,2
78785.0,1,0,11500.0,1,1,0,1,0,0,0,0,1,1,1,46,0
78600.0,1,0,9750.0,1,0,0,1,0,0,1,0,0,1,1,47,2
77780.0,1,0,10250.0,0,1,0,0,0,0,0,0,0,1,1,54,2
77648.0,1,0,12500.0,0,0,1,0,0,0,1,0,1,1,1,48,2
77270.0,1,1,11950.0,0,0,1,1,0,0,1,0,1,1,1,53,2
76167.0,1,1,10750.0,0,0,0,1,0,0,0,0,1,1,1,49,2
75249.0,1,1,11450.0,0,0,1,1,0,0,0,0,1,1,1,45,2
75231.0,1,1,11950.0,0,0,0,1,1,0,1,0,1,1,1,53,2
75045.0,1,1,11750.0,1,0,0,1,0,0,1,1,0,0,0,47,2
74849.0,1,0,10950.0,0,0,0,1,0,0,0,0,1,1,1,49,2
74715.0,1,1,11950.0,0,0,1,1,1,0,1,0,1,1,1,54,2
74656.0,1,0,10995.0,1,0,0,0,0,0,0,0,1,1,1,48,1
74500.0,1,0,11450.0,0,0,0,0,0,0,0,0,0,1,1,55,2
74494.0,1,0,8900.0,0,1,1,1,0,0,0,0,1,1,1,48,2
73634.0,1,0,10500.0,0,0,0,0,1,0,1,0,0,0,0,49,2
73403.0,1,0,11750.0,0,0,0,1,0,0,1,0,1,1,1,46,2
73175.0,1,1,11450.0,0,0,1,1,1,0,1,0,1,1,1,48,2
73000.0,1,1,12000.0,0,0,0,0,1,0,1,1,0,1,1,51,2
72242.0,1,0,11950.0,0,0,0,0,0,0,1,0,1,1,1,49,2
72000.0,1,1,9850.0,0,0,0,1,0,0,1,0,0,0,1,52,2
71725.0,1,1,10950.0,0,1,1,1,0,0,0,0,0,1,1,53,2
71276.0,1,1,10950.0,0,0,0,0,1,0,1,0,0,1,1,53,2
70440.0,1,0,8695.0,1,0,0,1,0,0,1,0,0,1,0,49,1
70239.0,1,1,10990.0,1,0,0,0,0,0,0,0,0,1,1,52,2
69813.0,1,0,9500.0,1,1,0,1,0,0,0,0,0,1,1,54,2
69659.0,1,1,11950.0,0,0,0,0,1,1,1,0,0,1,1,48,2
69574.0,1,1,10750.0,0,0,0,0,1,0,1,0,1,1,1,45,2
69000.0,0,1,8750.0,0,0,0,1,0,0,0,0,0,1,1,46,1
68565.0,1,0,8750.0,0,0,1,1,0,0,0,0,0,1,1,48,2
68520.0,1,0,11450.0,0,0,1,1,0,0,0,1,1,1,1,54,1
68414.0,1,0,9950.0,0,0,1,0,0,0,1,0,1,1,1,45,2
66777.0,1,1,11950.0,0,1,0,0,1,0,1,0,1,1,1,55,2
66527.0,1,1,13950.0,0,1,1,1,1,0,1,0,1,1,1,51,2
66063.0,1,1,11250.0,0,0,0,1,1,0,1,1,0,1,1,53,2
65471.0,1,1,10900.0,0,0,1,1,0,0,0,0,0,1,1,49,2
65400.0,1,0,9750.0,0,0,1,1,0,0,0,0,1,1,1,55,2
65170.0,1,1,9950.0,1,0,0,1,0,0,0,0,1,1,1,51,2
65000.0,0,1,11950.0,0,0,0,1,0,0,0,0,0,0,0,55,2
64193.0,1,0,10450.0,0,0,0,1,0,0,0,0,0,1,1,47,2
64000.0,1,0,8950.0,1,0,0,1,0,0,0,0,0,1,1,53,2
63792.0,1,1,10250.0,1,0,0,1,0,0,1,0,0,1,1,53,2
63635.0,1,1,9930.0,0,0,1,1,1,0,0,0,0,1,1,52,2
63135.0,1,1,10500.0,0,1,0,1,0,0,1,0,1,1,1,53,2
63123.0,1,1,11950.0,0,0,1,1,0,0,1,0,1,1,1,53,2
63000.0,1,1,11500.0,1,1,0,1,0,0,1,0,0,1,0,47,1
63000.0,1,1,11500.0,0,0,0,0,0,0,1,0,0,1,0,54,2
62987.0,1,1,11450.0,0,1,0,0,1,0,1,0,0,1,1,53,2
62751.0,1,1,9900.0,0,1,0,0,0,1,0,0,0,1,1,55,2
62519.0,1,0,9500.0,1,0,1,0,0,0,0,0,0,1,1,53,2
62280.0,1,1,10500.0,0,0,0,1,0,0,0,0,0,1,1,49,2
61672.0,1,0,10750.0,1,0,0,0,0,0,0,0,0,0,0,49,2
61000.0,1,0,8950.0,1,1,0,0,0,0,0,0,0,1,0,53,1
61000.0,0,0,12000.0,0,0,0,1,0,0,1,0,1,1,1,55,2
60558.0,1,1,9940.0,0,0,1,1,1,0,1,0,0,0,0,52,2
60348.0,1,0,10950.0,0,0,0,0,0,0,1,0,1,1,1,46,2
60239.0,1,0,10750.0,1,1,0,1,0,0,0,0,0,1,1,53,2
59000.0,0,1,9799.0,1,0,0,1,0,0,1,0,0,1,0,50,2
58761.0,1,0,11750.0,1,1,0,0,0,0,1,0,0,1,0,50,2
58745.0,1,1,11950.0,0,0,1,1,1,0,1,0,1,1,1,53,2
58596.0,1,1,11250.0,0,0,0,1,1,0,1,0,0,1,1,51,2
58530.0,1,1,11750.0,0,0,0,0,1,0,1,1,0,1,1,53,2
58377.0,0,1,10950.0,0,0,0,1,1,1,1,1,1,1,1,54,2
58142.0,1,1,11250.0,0,0,0,1,1,0,1,0,1,1,1,55,2
57948.0,1,0,9950.0,0,0,1,1,0,0,0,0,0,1,1,52,2
57645.0,1,1,9700.0,0,0,0,0,1,0,1,0,0,1,1,50,2
57500.0,1,1,11950.0,0,0,0,1,0,0,1,0,0,0,0,46,2
57475.0,1,1,9900.0,0,1,0,0,0,0,0,0,0,1,1,52,2
56743.0,1,1,9990.0,0,0,0,0,1,0,1,0,0,1,1,54,2
56675.0,1,0,9475.0,0,0,1,1,0,0,1,0,0,1,1,47,2
55877.0,1,0,11500.0,0,1,0,1,0,0,0,0,1,1,1,53,2
55500.0,1,1,11950.0,1,1,0,1,1,0,1,0,1,1,0,52,2
54900.0,1,0,11500.0,0,0,0,1,0,0,0,0,1,1,1,54,2
54465.0,1,0,10500.0,0,0,0,0,0,0,0,0,0,1,1,49,2
53700.0,1,0,10900.0,0,0,1,1,0,0,1,0,1,1,1,45,2
53561.0,1,0,11700.0,0,0,1,1,0,0,1,0,1,1,1,51,2
53408.0,1,1,11900.0,0,0,0,1,0,0,1,0,0,0,0,50,2
53268.0,1,1,13950.0,0,0,1,1,0,0,0,0,1,1,1,50,2
53116.0,1,0,10950.0,0,0,1,1,0,0,0,0,0,1,1,48,2
52448.0,1,0,10500.0,0,0,1,0,0,0,0,0,1,1,1,55,2
52149.0,1,0,10750.0,1,0,0,1,0,0,0,1,0,1,0,54,2
52141.0,1,1,11950.0,0,1,0,1,0,0,0,0,1,1,1,54,2
52000.0,1,0,10000.0,0,0,0,0,0,0,0,0,0,0,1,55,2
50967.0,1,0,10495.0,0,0,0,1,0,0,0,0,1,1,1,47,2
50400.0,1,1,11450.0,0,0,0,0,1,0,1,0,1,1,1,49,2
50000.0,1,0,9400.0,0,1,0,1,0,0,0,0,0,1,1,53,2
50000.0,1,1,11950.0,1,0,0,1,0,0,1,0,1,1,0,50,2
49969.0,1,1,9650.0,1,1,0,0,0,0,1,0,0,1,1,52,2
49473.0,1,1,11450.0,1,0,0,0,1,0,1,1,1,1,1,50,2
49432.0,1,1,10250.0,1,1,0,1,0,0,1,0,1,1,1,51,2
49417.0,1,1,11450.0,0,0,0,1,1,0,1,0,1,1,1,47,2
49366.0,1,0,9950.0,0,0,1,1,0,0,0,0,0,1,1,53,2
48731.0,1,0,10500.0,0,0,0,1,1,0,1,1,1,1,1,55,2
48370.0,1,1,13750.0,0,1,1,1,1,0,1,0,0,1,1,53,2
48071.0,1,0,9950.0,0,0,1,0,0,0,0,0,1,1,1,47,2
47852.0,1,0,10250.0,1,0,0,1,0,0,0,0,0,1,1,53,2
47768.0,1,1,10850.0,0,0,1,0,1,0,1,1,1,1,1,53,2
47689.0,1,0,11895.0,1,0,0,0,0,0,0,0,1,1,1,51,2
47451.0,1,1,12950.0,0,1,1,1,1,1,1,1,0,1,1,52,2
47219.0,1,1,11950.0,0,0,1,1,1,0,1,0,1,1,1,49,2
47211.0,1,0,10750.0,0,0,0,1,0,0,0,0,1,1,1,55,2
46856.0,1,0,9550.0,0,0,1,0,0,0,0,0,0,1,1,53,2
46500.0,1,0,10950.0,0,0,0,0,0,0,0,0,1,1,1,55,2
46449.0,1,1,11750.0,0,1,1,1,0,0,1,0,1,1,1,51,2
46391.0,1,0,10950.0,1,0,0,0,0,0,0,0,0,1,0,46,2
46230.0,1,1,12450.0,0,0,1,1,1,0,1,1,1,1,1,53,2
46029.0,1,1,10500.0,1,0,0,1,0,0,0,0,1,1,1,51,2
46000.0,1,0,10900.0,1,0,1,0,0,0,0,0,1,1,1,49,2
45900.0,1,0,12950.0,1,1,0,1,0,0,1,0,1,1,1,49,2
45850.0,1,0,10950.0,0,0,0,0,0,0,0,0,1,1,1,46,2
45336.0,1,1,12500.0,0,0,1,1,1,0,1,1,1,1,1,55,2
44537.0,1,0,9950.0,1,1,0,0,0,0,0,0,0,1,1,54,2
43700.0,1,1,10750.0,1,0,0,1,1,0,1,1,1,1,1,55,2
43120.0,1,1,12500.0,0,0,0,1,1,0,1,0,1,1,1,47,2
41710.0,1,0,10450.0,1,0,0,0,0,0,1,1,1,0,0,48,2
41700.0,1,0,10750.0,0,1,0,1,0,0,1,0,1,1,1,51,2
41636.0,1,1,12950.0,1,1,0,1,0,0,1,0,0,1,0,48,2
41273.0,1,0,10995.0,1,1,0,0,0,0,1,0,1,1,1,49,2
40836.0,1,1,11950.0,0,0,0,0,1,0,1,0,1,1,1,48,2
40400.0,1,0,11250.0,0,1,0,1,0,0,1,0,1,1,1,49,2
40361.0,1,1,11950.0,0,0,0,1,1,1,1,1,0,1,1,46,2
40325.0,1,1,13750.0,0,0,0,0,1,0,1,0,0,1,1,53,2
40000.0,1,1,11000.0,0,0,0,0,1,0,1,0,0,0,1,46,2
39706.0,1,1,13500.0,0,0,1,1,1,0,1,0,0,1,1,49,2
39291.0,0,1,10950.0,0,0,1,1,1,0,1,0,0,1,1,53,2
39000.0,1,0,10750.0,0,0,1,0,0,0,0,0,0,1,1,53,2
38900.0,1,0,8950.0,0,0,1,1,0,0,0,0,0,1,1,46,2
38403.0,1,0,12950.0,0,0,0,0,1,0,1,1,0,1,1,50,2
37461.0,1,0,9750.0,0,0,0,0,0,0,0,0,0,1,1,55,2
37000.0,1,0,10900.0,0,1,1,1,0,0,0,0,1,1,1,53,2
36406.0,1,1,10995.0,0,0,0,1,0,0,1,0,1,1,1,54,2
36005.0,1,1,10750.0,0,0,0,1,1,0,1,0,1,1,1,47,2
36000.0,1,0,10950.0,1,1,0,1,0,0,1,0,0,1,1,51,2
36000.0,1,1,13000.0,0,0,0,0,1,0,1,0,1,1,1,48,2
36000.0,1,0,12950.0,0,0,0,1,0,0,0,0,1,1,1,44,2
35823.0,1,0,11500.0,0,0,0,0,0,0,0,0,1,1,1,51,2
35230.0,1,0,10950.0,0,0,0,0,0,0,0,0,1,1,1,55,2
35142.0,1,1,11710.0,0,0,0,0,1,0,1,0,0,1,1,47,2
34890.0,1,0,9980.0,0,0,1,0,0,0,0,0,1,1,1,48,2
34882.0,1,0,12250.0,0,0,1,1,0,0,0,0,1,1,1,50,2
34000.0,1,1,11500.0,0,0,0,1,0,0,0,0,1,1,1,45,2
33998.0,0,1,11950.0,1,0,1,0,1,0,1,0,1,1,0,55,2
33230.0,1,1,11500.0,0,0,0,0,0,1,1,0,0,1,1,54,2
33021.0,1,1,11900.0,0,0,0,1,1,0,1,0,1,1,1,45,2
31999.0,1,1,11930.0,0,0,0,0,1,0,1,0,0,1,1,48,2
31579.0,1,1,10500.0,0,1,1,0,0,0,1,0,0,1,1,51,2
31000.0,1,0,8950.0,0,0,0,0,0,0,0,0,0,0,0,55,2
30806.0,1,0,10450.0,1,0,0,1,0,0,0,0,1,1,1,45,2
30461.0,1,0,10500.0,0,1,0,1,0,0,0,0,1,1,1,54,2
29686.0,1,1,12950.0,0,1,1,1,1,0,1,1,1,1,1,49,2
29650.0,1,1,9950.0,0,1,0,0,1,1,1,0,0,1,1,54,2
29500.0,1,1,12900.0,0,0,0,1,1,0,1,1,1,1,1,51,2
28656.0,1,1,9950.0,0,0,0,0,0,0,0,0,0,1,0,47,2
27500.0,1,0,9950.0,0,0,0,1,0,0,0,0,1,1,1,54,2
26938.0,1,0,10950.0,0,0,1,1,0,0,1,0,0,0,0,47,2
26624.0,1,0,10950.0,1,1,0,0,0,0,0,0,0,1,1,52,2
26221.0,1,0,9950.0,0,1,0,1,0,0,0,0,0,1,1,46,2
22648.0,1,0,10950.0,1,1,0,1,0,0,1,0,0,1,0,49,2
22500.0,1,1,10800.0,0,0,0,1,0,0,0,0,0,1,1,49,2
19313.0,1,0,10500.0,0,0,0,0,0,0,0,0,0,1,1,55,2
17619.0,0,0,10450.0,0,0,0,0,0,0,0,0,0,1,0,49,2
17069.0,1,0,10600.0,0,0,1,1,0,0,0,0,0,1,1,50,2
15000.0,1,0,10450.0,0,0,0,1,0,0,0,0,1,1,1,47,2
10210.0,1,1,12950.0,0,0,0,0,1,0,1,0,0,1,1,49,2
5309.0,1,1,11250.0,0,1,0,1,0,0,0,0,0,1,1,46,2
31000.0,1,0,8950.0,0,1,0,0,0,0,0,1,0,0,0,51,2
144521.0,1,0,6900.0,0,0,0,1,0,0,0,0,0,0,0,58,1
144000.0,0,1,8450.0,1,0,0,1,0,0,1,1,0,1,0,63,0
140168.0,1,0,7350.0,0,1,0,1,0,1,0,0,0,1,1,64,1
140000.0,1,1,8950.0,0,1,0,1,0,1,1,0,0,1,1,67,2
139800.0,1,0,6900.0,0,0,0,0,0,0,0,0,0,1,1,59,1
137050.0,1,0,8950.0,0,1,1,1,0,1,1,0,0,1,1,58,0
136956.0,1,1,8750.0,0,0,0,0,1,1,1,1,0,1,1,60,2
135337.0,1,1,7950.0,0,0,1,1,1,0,1,1,0,1,1,66,0
133769.0,0,1,8950.0,0,1,0,1,1,0,1,0,0,1,1,63,1
133405.0,1,0,8950.0,0,0,0,1,0,1,1,0,0,1,1,57,1
132807.0,1,1,8950.0,0,0,0,1,0,1,0,0,1,1,1,64,1
132393.0,1,0,7950.0,0,0,0,0,0,1,0,0,0,1,1,63,1
130270.0,1,1,7750.0,1,0,0,0,0,0,1,0,0,1,1,59,2
130000.0,0,0,7500.0,1,0,0,1,0,0,0,0,0,1,0,58,1
127000.0,1,0,8950.0,1,1,0,1,0,1,0,0,1,1,1,66,1
126800.0,1,1,9800.0,0,1,0,0,0,0,0,0,0,1,1,66,1
126452.0,1,0,9450.0,0,0,0,1,0,1,0,0,1,1,1,65,2
125175.0,1,0,8950.0,0,0,0,0,0,0,1,0,0,0,0,61,1
125000.0,1,0,8750.0,0,0,1,1,0,1,0,0,0,1,1,67,1
123000.0,1,0,10500.0,0,0,0,0,0,1,0,0,1,1,1,60,1
121626.0,1,0,7995.0,0,0,0,0,0,1,0,0,0,1,1,58,2
120400.0,1,1,10450.0,0,0,0,0,1,0,1,0,0,1,1,63,2
120000.0,1,0,9950.0,0,0,0,0,0,0,0,0,0,1,0,65,1
119541.0,1,1,9950.0,0,0,0,0,1,0,1,0,0,1,1,67,2
119500.0,1,0,8950.0,0,1,0,1,0,0,1,0,1,0,0,67,2
119289.0,1,0,7950.0,1,0,0,1,0,0,1,0,1,1,0,67,2
118833.0,1,1,10950.0,0,0,0,0,1,1,1,1,1,1,1,56,2
118000.0,1,1,9950.0,0,1,0,1,0,1,0,0,0,1,1,63,1
117955.0,1,1,8600.0,1,0,0,1,0,0,1,0,1,1,0,67,2
117609.0,1,0,7250.0,0,0,0,0,0,1,0,0,0,1,1,64,2
117000.0,1,0,6950.0,0,0,0,0,0,1,0,0,0,1,1,67,1
116000.0,1,0,8000.0,0,0,0,0,1,1,1,0,0,0,1,63,2
115715.0,1,0,9950.0,0,0,0,0,0,0,0,0,0,1,1,57,2
115191.0,1,0,9450.0,0,0,0,1,0,0,0,0,1,1,0,59,0
115071.0,1,1,7950.0,0,1,1,1,1,0,1,0,0,1,1,67,2
115000.0,1,1,9450.0,0,1,0,0,1,0,1,1,0,1,0,62,0
114846.0,1,1,9950.0,0,0,0,1,1,0,1,1,1,1,1,63,2
114383.0,1,0,6950.0,0,0,0,0,0,0,0,0,0,1,0,64,1
113700.0,1,0,8250.0,1,1,0,1,0,0,0,0,1,1,0,58,2
113118.0,1,1,9950.0,0,1,0,1,1,0,1,0,1,1,1,66,2
112827.0,1,1,8250.0,0,0,0,1,1,0,1,1,0,1,1,58,2
112116.0,1,0,9950.0,0,0,0,1,0,1,1,0,1,1,1,67,2
112000.0,1,1,10500.0,0,0,0,1,1,1,1,1,1,1,1,65,2
112000.0,1,0,7950.0,0,0,0,0,0,0,0,0,0,1,0,61,1
111769.0,1,1,9750.0,0,0,0,0,1,1,1,1,1,1,1,64,2
110853.0,1,0,9250.0,0,0,0,1,0,1,0,0,0,1,1,60,2
110287.0,0,0,9500.0,0,0,0,1,0,0,0,0,0,1,0,67,2
109547.0,1,1,9950.0,0,0,1,0,1,0,1,1,1,1,1,61,2
109230.0,1,0,7750.0,0,0,0,0,0,1,0,0,1,1,1,62,2
109150.0,1,1,9500.0,0,0,0,0,1,0,1,0,0,1,1,67,2
108793.0,1,0,9950.0,0,1,0,1,0,0,1,0,1,1,1,66,2
106784.0,1,1,9750.0,0,0,0,0,1,0,1,1,0,1,0,63,2
105942.0,1,1,9750.0,0,0,1,0,1,0,1,1,1,1,1,57,2
105000.0,1,0,5950.0,1,0,0,1,0,0,1,1,0,0,0,58,2
105000.0,1,1,8500.0,0,0,0,0,1,1,1,0,0,0,1,61,2
104299.0,1,0,8495.0,0,0,0,1,0,1,0,0,0,1,1,67,2
104000.0,1,1,9250.0,0,0,0,0,1,0,1,0,1,1,1,66,2
104000.0,0,0,6900.0,0,1,0,1,0,0,0,0,0,0,0,67,2
103458.0,1,1,8950.0,0,0,0,1,1,1,1,0,1,1,1,57,2
103400.0,1,1,9500.0,0,1,0,1,1,0,1,1,0,1,1,62,2
102807.0,1,1,9250.0,0,0,0,0,1,0,1,0,0,1,1,62,2
102494.0,1,1,9895.0,0,1,0,0,1,0,1,0,1,1,1,67,2
102300.0,0,0,9950.0,0,0,0,1,0,0,0,1,1,1,1,56,1
102106.0,1,1,7950.0,0,0,0,0,0,1,1,0,0,1,1,60,2
101889.0,1,1,8750.0,0,0,0,1,1,0,1,0,1,1,1,67,2
101791.0,1,0,8250.0,0,0,0,0,0,1,0,0,0,1,1,56,1
101469.0,1,1,8950.0,0,0,0,1,1,1,1,1,0,1,1,62,2
101001.0,1,1,8950.0,0,0,0,0,1,0,1,1,1,1,1,67,2
100748.0,1,0,8950.0,0,1,0,0,0,1,1,0,0,1,1,60,2
100550.0,1,1,8950.0,0,1,0,1,1,0,1,1,0,1,1,64,2
99781.0,1,0,9450.0,0,0,0,1,0,1,0,0,0,1,1,66,2
98658.0,1,1,8950.0,1,0,0,1,1,0,1,0,0,1,1,58,2
98500.0,1,1,9250.0,0,0,0,1,1,0,1,1,0,0,1,64,2
98291.0,0,0,8750.0,1,0,0,0,0,0,1,0,0,1,0,63,2
97648.0,1,1,9950.0,0,1,0,1,1,1,1,1,1,1,1,60,2
97425.0,1,1,9950.0,1,1,0,1,1,0,1,1,0,1,1,60,2
97173.0,1,0,9900.0,0,0,0,0,0,1,0,0,1,1,1,64,2
97046.0,1,0,8950.0,0,0,0,1,0,0,1,0,0,1,0,65,2
96000.0,1,0,8950.0,0,0,0,1,0,1,1,0,0,1,1,66,2
96000.0,1,0,12250.0,0,0,0,0,0,0,0,0,0,1,0,59,1
95750.0,1,1,9250.0,1,0,0,1,0,0,0,0,0,1,0,66,2
95147.0,0,1,10250.0,0,1,0,1,0,0,1,0,0,1,0,60,2
95000.0,1,0,8950.0,0,1,0,0,0,0,0,0,1,1,1,67,2
95000.0,1,0,7999.0,1,0,0,1,0,0,0,0,0,1,0,64,2
94606.0,1,1,9900.0,0,0,0,0,0,0,1,0,0,0,0,65,2
94504.0,1,0,8250.0,0,0,0,1,0,0,0,0,1,1,0,62,2
93428.0,1,1,10500.0,1,1,0,1,1,0,1,1,0,1,1,64,2
93408.0,1,0,8450.0,0,0,0,0,0,1,0,0,0,1,1,64,2
93296.0,1,1,9900.0,0,0,1,1,1,0,1,0,1,1,1,67,2
93098.0,1,1,10500.0,0,0,0,1,1,0,1,1,1,1,1,61,2
92922.0,1,1,8500.0,0,0,0,1,0,0,0,0,0,1,0,66,1
92498.0,1,1,9500.0,0,0,0,1,0,1,0,0,1,1,1,60,2
92226.0,1,1,9450.0,0,0,0,0,1,1,1,1,0,1,1,64,2
91505.0,1,0,9900.0,0,0,0,0,0,0,0,0,0,1,1,67,1
91333.0,1,1,8250.0,0,0,0,1,0,1,0,0,0,1,1,63,2
91246.0,1,0,8750.0,0,0,0,1,0,1,0,0,0,1,1,64,2
91000.0,1,1,9500.0,0,1,0,1,1,0,1,1,1,1,1,57,2
90727.0,1,0,8450.0,0,0,0,0,0,1,1,0,1,1,1,67,2
90000.0,1,0,8490.0,0,0,0,0,0,1,0,0,0,1,1,61,2
89576.0,0,1,8750.0,1,1,0,0,0,0,0,0,0,0,0,59,2
89145.0,1,1,9750.0,0,0,1,1,1,1,1,1,0,1,1,63,2
89000.0,1,1,9950.0,0,1,0,1,0,0,0,0,0,0,0,62,2
88807.0,1,0,8500.0,0,1,0,0,0,0,1,1,0,1,1,67,2
88685.0,1,0,8450.0,0,0,0,0,0,1,0,0,1,1,1,62,2
88667.0,1,1,7900.0,0,0,0,1,1,0,1,0,1,1,1,61,2
88480.0,1,1,8750.0,0,0,0,1,0,1,0,0,1,1,1,56,2
88127.0,1,0,7950.0,1,0,0,0,0,1,0,0,1,1,1,60,2
88000.0,1,1,6900.0,0,1,0,0,1,0,1,0,0,1,1,61,2
87821.0,1,0,8150.0,0,0,0,1,0,0,0,1,1,1,1,64,2
87654.0,1,0,10995.0,0,0,1,1,0,0,0,0,1,1,1,58,2
86888.0,1,1,8900.0,1,0,0,1,0,1,0,0,0,1,1,58,2
86871.0,0,1,9500.0,0,0,0,1,1,0,1,1,0,1,1,58,2
86714.0,1,1,8950.0,0,1,0,1,0,0,0,0,1,1,0,67,2
85889.0,1,1,11500.0,1,1,0,0,0,0,1,1,0,1,0,64,2
85000.0,1,1,10450.0,1,1,0,1,0,0,0,0,0,0,0,61,2
85000.0,1,1,10500.0,0,0,1,1,1,1,1,1,1,1,1,59,2
84976.0,1,0,9250.0,0,1,0,1,0,0,1,0,1,1,1,67,2
84558.0,1,1,10950.0,0,0,0,1,0,0,1,0,0,1,0,64,2
84549.0,1,1,10450.0,0,0,0,0,1,0,1,1,0,1,1,61,2
84482.0,1,1,9250.0,0,1,0,1,1,0,1,1,0,1,1,67,2
83908.0,1,0,8750.0,1,0,0,1,0,1,0,0,0,1,1,61,2
83560.0,1,0,8750.0,0,1,0,0,0,1,0,1,1,1,1,66,2
83000.0,1,0,9800.0,0,0,0,1,0,1,0,0,1,1,1,67,2
82723.0,1,0,8250.0,0,0,0,0,0,0,0,0,1,1,1,63,2
82421.0,1,1,10450.0,0,1,0,1,1,1,1,1,0,1,1,61,2
82254.0,1,0,9750.0,1,1,0,0,0,0,1,0,0,1,0,57,2
82115.0,0,1,8950.0,1,1,0,1,0,0,1,0,0,1,0,60,2
82000.0,1,0,7450.0,0,1,0,1,0,0,0,0,0,0,1,64,2
81965.0,1,0,8450.0,0,0,0,1,0,0,0,0,1,1,1,67,2
81250.0,0,1,8250.0,0,1,0,0,0,0,1,0,0,0,0,65,2
81192.0,1,1,10950.0,0,0,0,1,1,1,1,1,1,1,1,64,2
81170.0,1,1,8950.0,0,1,0,1,1,0,1,0,1,1,1,60,2
81083.0,1,0,8750.0,0,0,0,0,0,1,0,0,1,1,1,65,2
80714.0,0,0,10450.0,1,0,0,1,0,0,1,0,1,1,0,60,2
80470.0,1,0,10950.0,0,0,0,0,0,1,1,0,1,1,1,56,2
80439.0,1,1,8450.0,0,0,0,1,0,0,1,0,0,1,0,64,2
80430.0,1,1,9950.0,0,0,0,1,1,1,1,1,0,1,1,58,2
80426.0,1,0,9950.0,0,0,0,1,1,0,1,0,1,1,1,67,2
80265.0,0,0,8750.0,0,1,0,0,0,0,0,0,1,1,0,61,2
80153.0,1,1,9950.0,0,1,0,0,0,1,0,0,1,1,1,64,2
80121.0,1,1,9500.0,0,1,0,0,0,1,1,0,1,1,1,67,2
80086.0,1,0,8250.0,0,1,0,1,0,0,0,0,0,1,0,64,2
80000.0,1,1,10950.0,0,0,0,0,1,0,1,1,0,1,1,61,2
80000.0,1,0,7950.0,0,0,0,0,0,0,0,0,0,1,0,59,2
80000.0,1,0,8250.0,0,0,0,1,0,0,0,0,0,1,0,64,2
79858.0,1,1,9895.0,0,0,0,1,1,0,1,0,1,1,1,66,2
79762.0,1,0,9130.0,0,0,0,1,0,0,1,0,0,1,1,66,2
79660.0,1,0,10950.0,0,0,0,0,0,1,0,0,1,1,1,58,2
79150.0,1,1,10500.0,0,1,0,1,1,0,1,1,1,1,1,59,2
79000.0,1,1,8900.0,0,1,0,1,0,0,1,0,1,1,1,60,2
78955.0,1,1,9500.0,0,0,0,1,1,1,1,1,1,1,1,56,2
78750.0,0,1,10950.0,1,1,0,1,0,0,0,0,0,0,0,58,1
78521.0,1,0,7950.0,0,0,0,0,0,1,0,0,0,1,1,67,2
78356.0,1,0,7950.0,0,1,0,1,0,1,0,0,1,1,1,63,2
78076.0,1,0,7950.0,0,0,0,1,0,0,0,0,1,1,1,64,2
78063.0,1,0,9500.0,1,1,0,1,0,1,0,0,1,1,1,60,2
77821.0,1,1,10950.0,0,1,0,1,1,0,1,1,1,1,1,66,2
77695.0,1,0,9750.0,0,1,0,1,0,0,0,0,1,1,0,67,2
77500.0,1,0,9750.0,0,0,0,1,0,1,0,0,1,1,1,64,2
77457.0,1,1,9450.0,0,0,1,1,1,0,1,0,1,1,1,62,2
77029.0,1,0,8950.0,0,0,0,1,0,0,0,0,0,1,1,67,2
77008.0,1,0,8950.0,0,0,0,1,0,0,0,0,1,1,0,67,2
76791.0,1,0,8900.0,0,0,0,1,0,1,1,0,0,1,1,65,2
76700.0,1,0,9950.0,0,0,0,1,0,1,0,0,0,1,1,60,2
76569.0,1,1,8750.0,0,0,0,1,1,0,1,0,0,1,1,66,2
76162.0,1,1,8950.0,0,0,0,1,1,0,1,1,0,1,1,58,2
76155.0,1,0,8990.0,0,1,0,1,0,0,1,0,0,1,1,64,2
75609.0,1,0,8950.0,0,0,0,1,0,0,0,0,1,1,1,60,2
75569.0,1,1,8950.0,0,0,0,1,1,0,1,0,0,1,1,61,1
75429.0,1,1,9950.0,0,0,0,1,1,1,1,1,1,1,1,66,2
75000.0,1,1,9900.0,0,0,0,1,1,0,1,1,0,1,1,67,2
75000.0,1,0,8950.0,0,0,0,0,0,0,1,1,0,1,0,64,2
75000.0,1,0,8950.0,0,1,0,1,0,0,0,0,0,1,1,61,2
74963.0,1,1,9500.0,0,0,0,0,1,0,1,0,0,1,1,65,2
74889.0,1,0,7950.0,0,0,0,1,0,1,0,1,1,1,1,67,2
74875.0,0,1,7750.0,0,0,0,0,0,0,0,0,0,1,1,67,2
74747.0,1,1,8950.0,0,0,0,1,1,0,1,0,0,1,1,62,2
74720.0,1,1,11950.0,1,1,0,1,0,1,0,0,1,1,1,59,2
74457.0,1,1,8950.0,0,0,0,0,1,0,1,1,0,1,1,61,2
74337.0,1,0,11950.0,0,0,0,0,0,1,0,0,0,1,1,59,2
74308.0,1,1,8950.0,0,0,0,0,0,0,0,0,1,1,1,67,2
74193.0,1,0,9950.0,0,1,0,0,0,0,0,0,1,1,0,63,2
74179.0,1,0,8250.0,0,0,0,1,0,0,0,0,0,1,1,64,2
73936.0,1,0,8995.0,0,0,0,1,0,1,1,0,0,1,1,66,2
73894.0,1,1,9995.0,0,1,0,1,1,1,1,1,1,1,1,60,2
73500.0,1,0,9250.0,1,0,0,1,0,0,0,0,0,1,1,63,2
73376.0,1,1,10950.0,0,0,0,0,0,0,1,0,1,1,1,63,2
73300.0,0,0,8900.0,1,0,0,1,0,0,0,1,0,1,0,63,2
73172.0,1,1,9500.0,1,0,0,1,1,0,1,1,0,1,1,57,2
72928.0,1,1,9950.0,0,0,0,1,1,0,1,1,1,1,1,57,2
72880.0,0,0,7950.0,0,1,0,1,0,0,1,0,0,1,1,66,2
72522.0,1,0,8250.0,0,1,0,1,0,0,1,0,0,1,1,62,2
72000.0,1,0,9450.0,0,0,0,1,0,1,0,0,0,1,1,63,2
72000.0,1,0,7950.0,0,0,0,0,0,0,1,0,1,0,1,56,2
71366.0,1,1,9500.0,0,1,0,0,1,0,1,1,0,1,1,58,2
71317.0,1,0,8950.0,0,0,0,0,0,1,0,0,0,1,1,64,2
71000.0,1,0,10950.0,0,1,0,0,0,0,1,0,0,1,0,61,2
70954.0,1,0,8950.0,0,0,0,0,0,1,0,0,0,1,1,59,2
70908.0,1,0,9450.0,0,1,0,0,0,0,0,0,1,1,1,62,2
70560.0,0,0,8000.0,0,0,0,1,0,1,1,0,0,0,1,57,2
70552.0,1,1,9900.0,0,0,0,0,1,0,1,1,0,1,1,66,2
70500.0,1,0,8950.0,0,1,0,1,0,0,1,0,1,1,0,61,2
70453.0,1,0,10900.0,0,0,0,0,0,0,0,0,0,1,1,59,1
70218.0,1,0,9450.0,0,1,0,1,0,0,1,0,1,1,1,58,2
70116.0,1,0,8450.0,0,1,0,1,0,0,0,0,1,1,0,63,2
70068.0,1,1,9500.0,0,1,0,1,1,0,1,1,1,1,1,64,2
70000.0,1,1,10500.0,1,1,0,1,0,0,1,0,0,0,0,66,2
70000.0,1,0,6950.0,0,0,0,1,0,0,1,0,0,0,0,67,2
69103.0,1,0,9750.0,0,0,0,0,0,0,0,0,1,1,0,67,2
69022.0,1,0,6950.0,0,0,1,1,0,1,1,0,1,1,1,57,2
69000.0,1,0,9650.0,0,0,0,1,1,1,1,1,0,1,1,66,2
68865.0,1,1,9950.0,0,0,0,1,1,1,1,1,0,1,1,67,2
68723.0,1,1,9250.0,0,0,0,0,1,1,1,1,0,1,1,57,2
68453.0,1,0,8950.0,0,1,0,1,0,1,0,0,1,1,1,62,2
68238.0,1,0,9900.0,0,0,0,0,0,0,0,0,1,1,1,62,2
68153.0,1,0,10995.0,1,0,1,1,0,0,0,0,1,1,1,62,2
68000.0,1,1,10500.0,0,0,0,0,0,0,1,0,0,0,0,64,2
68000.0,1,0,8950.0,0,0,0,1,0,1,0,0,1,1,1,64,2
67762.0,1,0,9750.0,1,0,0,1,1,1,1,1,0,1,1,66,2
67146.0,1,1,10950.0,0,1,0,1,1,0,1,1,0,1,1,67,2
67110.0,1,0,9750.0,0,1,0,1,0,0,0,0,0,1,1,66,2
67010.0,1,1,9950.0,1,1,0,1,1,0,1,1,1,1,1,58,2
67003.0,1,1,10500.0,0,0,0,1,0,0,0,0,1,1,1,64,2
66785.0,1,0,10400.0,0,0,0,0,0,1,0,0,0,1,1,67,2
66550.0,0,0,8800.0,0,1,0,0,0,0,0,0,0,0,0,67,2
66259.0,1,1,10500.0,0,0,0,1,1,1,1,1,0,1,1,60,2
66082.0,1,0,9250.0,0,0,0,0,0,1,0,0,0,1,1,61,2
66000.0,0,0,7800.0,0,0,0,1,0,1,1,1,1,1,1,64,2
66000.0,1,1,9950.0,0,0,0,0,0,1,0,1,0,1,1,60,2
65896.0,1,1,10750.0,0,0,0,1,1,1,1,1,1,1,1,62,2
65785.0,1,1,10950.0,0,0,0,1,1,0,1,0,0,1,1,66,2
65513.0,1,1,9950.0,0,0,0,1,1,0,1,0,0,1,1,64,2
65463.0,1,1,9950.0,0,0,0,1,0,0,1,0,0,1,1,58,2
65400.0,1,0,8100.0,0,1,0,1,0,0,1,0,0,1,0,67,2
65259.0,1,0,9250.0,0,1,1,1,0,1,0,0,1,1,1,59,2
65000.0,1,0,7800.0,0,1,0,1,0,1,0,0,1,1,1,63,2
65000.0,1,1,9000.0,0,0,0,0,0,0,1,0,0,0,1,67,2
65000.0,1,0,8950.0,0,0,0,0,0,0,0,0,0,1,0,56,2
64950.0,1,1,9950.0,0,1,0,1,1,0,1,0,0,1,1,67,2
64914.0,0,0,8500.0,0,0,0,1,0,1,0,0,0,1,1,59,2
64797.0,1,1,7995.0,0,1,0,1,1,0,1,1,0,1,1,61,2
64772.0,1,0,8750.0,0,0,0,1,0,0,0,0,0,1,1,64,2
64690.0,0,1,9750.0,0,0,1,0,1,0,1,0,1,1,0,62,2
64630.0,0,1,10950.0,1,0,0,0,0,0,0,0,0,0,0,64,2
64613.0,1,1,9750.0,0,1,0,1,0,1,0,1,1,1,1,66,2
64383.0,1,0,8200.0,0,0,0,0,0,0,0,0,1,1,1,59,2
64000.0,0,1,8950.0,0,1,0,0,0,0,1,0,0,1,0,67,2
63881.0,1,0,9500.0,0,0,0,0,0,1,0,0,0,1,1,65,2
63870.0,1,0,10950.0,0,0,0,0,0,0,0,0,0,1,1,57,1
63328.0,1,0,9750.0,1,0,0,0,0,0,0,0,0,1,1,65,2
63000.0,1,0,9950.0,0,0,0,1,0,0,1,1,1,1,1,64,2
63000.0,1,1,10450.0,0,0,0,0,1,0,1,0,0,1,1,60,2
62396.0,1,0,9850.0,0,0,0,0,0,1,0,1,0,1,1,64,2
62377.0,1,1,9450.0,0,0,0,1,1,0,1,1,0,1,1,61,2
62316.0,1,0,10295.0,1,1,0,1,0,0,1,1,1,1,1,66,2
62292.0,1,0,9750.0,0,0,0,1,1,0,1,1,0,1,1,67,2
62225.0,1,0,8950.0,0,1,0,1,0,0,0,0,0,0,0,64,2
62222.0,1,1,9900.0,0,0,0,0,1,0,1,0,0,1,1,67,2
62135.0,1,0,8750.0,1,1,0,1,0,0,0,0,1,1,1,65,2
62024.0,1,1,9950.0,0,0,0,1,1,0,1,1,0,1,1,57,2
61977.0,1,0,8500.0,0,0,0,1,0,1,0,1,0,1,1,59,2
61930.0,1,0,9950.0,1,0,0,1,0,0,1,0,1,1,0,61,2
61682.0,1,1,10950.0,0,0,0,0,0,0,1,1,1,1,1,56,2
61568.0,1,0,9795.0,0,1,0,1,0,0,0,0,1,1,0,67,2
61504.0,1,0,8750.0,0,1,0,1,0,0,1,0,1,0,0,67,2
61384.0,0,0,8250.0,0,0,0,1,0,0,0,1,0,1,0,64,2
61343.0,1,1,9950.0,0,1,0,1,1,0,1,1,0,1,1,57,2
61254.0,1,1,9950.0,0,0,0,0,1,0,1,1,1,1,1,61,2
61166.0,1,1,10500.0,0,0,0,1,0,0,1,1,0,1,1,58,2
61149.0,1,1,9750.0,0,1,0,1,1,0,1,1,1,1,1,61,2
61144.0,1,1,11250.0,0,0,0,1,1,0,1,1,1,1,1,60,2
61127.0,1,0,8900.0,1,1,0,1,0,1,1,0,1,1,1,58,2
61100.0,1,0,7950.0,1,0,0,1,0,1,0,0,0,1,1,59,2
61100.0,1,1,11500.0,1,1,0,1,1,0,1,0,0,1,1,67,2
61000.0,1,0,9450.0,0,0,0,1,0,1,0,0,1,1,1,56,2
60724.0,1,0,7995.0,0,0,0,1,0,0,0,1,1,1,1,64,2
60708.0,1,1,10995.0,0,0,0,1,1,1,1,0,0,1,1,58,2
60532.0,1,0,8950.0,0,1,0,1,0,1,1,0,1,1,1,60,2
60000.0,1,0,8250.0,0,0,0,0,0,0,0,0,0,1,0,66,2
60000.0,1,0,8950.0,0,0,0,1,0,1,0,0,1,1,1,65,2
60000.0,1,0,8950.0,0,0,0,1,0,1,0,0,1,1,1,64,2
59295.0,1,0,9500.0,0,0,0,0,0,1,0,0,1,1,1,61,2
59264.0,1,0,7500.0,1,0,0,0,0,1,0,0,0,1,1,64,2
59000.0,1,0,8950.0,1,1,0,0,0,1,0,0,1,1,1,62,2
59000.0,0,1,9950.0,1,0,0,1,0,0,1,0,1,1,0,62,2
59000.0,1,1,9750.0,1,1,0,0,0,0,1,0,0,0,0,64,2
59000.0,1,1,9450.0,0,0,0,1,0,1,0,0,1,1,1,60,2
59000.0,1,0,9950.0,0,0,0,0,0,0,0,0,0,1,1,64,2
58860.0,1,1,9750.0,0,1,0,1,1,0,1,0,1,1,1,67,2
58829.0,1,0,8950.0,0,0,0,0,0,0,0,0,1,1,1,64,2
58654.0,1,0,8250.0,0,0,0,1,0,0,0,0,1,1,1,65,2
58300.0,1,0,7750.0,1,0,0,1,0,1,0,0,1,1,1,64,2
58269.0,1,0,8950.0,0,0,0,1,0,1,0,0,0,1,1,59,2
58136.0,1,1,9950.0,0,1,0,1,1,0,1,1,0,1,1,63,2
58113.0,1,1,9450.0,0,0,0,1,1,0,1,0,1,1,1,65,2
58058.0,1,1,12950.0,0,0,0,1,1,1,1,1,0,1,1,66,2
58000.0,0,1,9950.0,0,0,0,1,0,1,1,0,0,1,1,57,2
58000.0,1,1,10495.0,1,1,0,1,1,1,1,1,1,1,1,61,2
57565.0,1,0,7950.0,0,1,0,1,0,1,0,0,0,1,1,67,2
57413.0,1,0,10500.0,0,0,0,0,0,1,0,0,1,1,1,62,2
57374.0,1,1,8950.0,0,0,0,1,1,0,1,1,0,1,1,64,2
57179.0,1,1,9900.0,0,0,0,1,1,0,1,1,0,1,1,61,2
57169.0,1,1,9995.0,0,0,0,1,1,1,1,1,0,1,1,60,2
57124.0,1,1,9950.0,0,0,0,1,1,1,1,1,0,1,1,62,2
57000.0,1,1,9950.0,0,0,0,1,0,1,0,0,0,1,1,62,2
57000.0,1,0,8250.0,0,0,0,0,0,1,0,0,0,1,1,66,2
57000.0,1,0,9950.0,0,0,0,1,0,0,0,0,0,1,1,62,2
56259.0,0,0,8950.0,0,0,0,0,0,0,0,0,0,1,1,58,2
56209.0,1,0,10950.0,0,0,0,1,0,1,1,1,1,1,1,61,2
56074.0,1,0,9250.0,0,0,0,0,0,0,0,0,1,1,0,66,2
55942.0,1,1,9950.0,1,0,0,1,0,1,1,0,1,1,1,62,2
55844.0,1,1,9995.0,0,1,0,1,1,0,1,1,0,1,1,56,2
55747.0,1,1,8750.0,0,0,0,0,1,0,1,1,0,1,1,60,2
55478.0,1,1,10950.0,0,0,0,0,1,0,1,1,0,1,1,57,2
55085.0,1,1,10350.0,0,1,0,0,1,0,1,1,1,1,1,59,2
55061.0,1,0,9950.0,0,0,0,1,0,1,1,0,0,1,1,64,2
55000.0,0,0,8950.0,0,0,0,1,0,0,0,0,0,0,0,64,2
55000.0,1,1,10950.0,0,0,0,0,1,0,1,1,0,1,1,56,2
54936.0,1,1,10950.0,0,0,0,1,1,0,1,1,1,1,1,62,2
54875.0,1,0,8950.0,0,0,0,1,0,1,0,0,1,1,1,67,2
54847.0,1,1,8900.0,0,0,0,0,0,0,1,0,1,1,1,66,2
54554.0,1,1,10250.0,0,0,0,1,1,1,1,1,1,1,1,59,2
54125.0,1,0,9450.0,1,1,0,1,0,0,1,0,0,1,0,60,2
54000.0,1,1,9250.0,0,1,0,1,1,0,1,0,1,1,1,60,2
54000.0,1,1,10500.0,0,0,0,1,0,0,1,0,0,1,0,56,2
54000.0,1,0,7350.0,0,0,0,0,0,1,0,0,0,0,1,57,2
54000.0,0,1,10250.0,0,1,0,1,0,0,1,0,0,0,0,56,2
53285.0,1,1,10250.0,0,0,0,1,1,0,1,0,1,1,1,61,2
53053.0,1,1,11500.0,0,0,1,1,1,0,1,1,0,1,1,64,2
53000.0,1,1,8950.0,0,0,0,1,0,0,1,0,0,1,0,67,2
53000.0,1,0,7750.0,0,0,0,0,0,0,0,0,0,0,1,67,2
52968.0,1,0,9500.0,0,1,0,1,0,1,0,0,1,1,1,63,2
52800.0,0,0,8450.0,0,1,0,1,0,1,1,0,0,1,1,66,2
52548.0,1,1,8950.0,1,1,0,0,0,1,1,0,0,1,1,56,2
52487.0,1,0,8400.0,1,1,0,1,0,0,0,0,0,1,0,59,2
52383.0,1,0,9250.0,0,0,0,0,0,1,0,0,0,1,1,65,2
52112.0,1,1,8900.0,0,1,0,1,0,0,1,0,0,0,1,60,2
51712.0,1,1,8750.0,0,0,1,0,0,1,1,1,0,1,1,57,2
51421.0,0,0,10950.0,0,0,0,0,0,0,1,0,0,0,0,57,2
51235.0,1,0,8950.0,1,1,0,1,0,0,0,0,0,1,0,60,2
51000.0,0,0,8950.0,0,0,0,1,0,0,0,0,0,0,0,64,2
50925.0,1,0,8895.0,1,1,0,1,0,0,0,0,1,1,1,60,2
50806.0,0,0,9390.0,0,0,0,0,0,0,0,0,0,0,0,65,2
50469.0,1,1,8750.0,0,0,0,1,0,1,0,1,1,1,1,58,2
50173.0,1,1,9750.0,0,0,0,1,1,0,1,1,0,1,1,60,2
50000.0,1,1,9950.0,0,0,1,1,1,0,1,1,0,1,1,61,2
49942.0,1,1,10950.0,0,0,0,0,1,0,1,1,0,1,1,64,2
49585.0,1,0,9900.0,0,1,0,0,0,0,0,1,1,1,1,66,2
49258.0,0,1,9500.0,0,1,0,1,0,0,0,0,0,1,0,61,2
49000.0,1,1,9950.0,0,0,0,0,0,0,0,0,0,1,1,60,2
48738.0,1,1,9950.0,0,1,0,0,0,0,1,0,0,1,0,62,2
47750.0,1,1,10500.0,0,0,0,1,1,0,1,1,0,1,1,61,2
47612.0,1,0,9950.0,0,0,0,0,0,1,0,0,0,1,1,62,2
47500.0,1,0,10495.0,0,0,0,1,0,0,1,0,1,1,1,67,2
47237.0,0,0,9500.0,0,0,0,0,0,0,1,1,0,1,0,65,2
47171.0,1,0,8500.0,1,0,0,1,0,0,1,0,1,1,1,57,2
47060.0,1,1,10450.0,0,0,0,0,0,0,0,0,1,1,0,59,2
47014.0,1,0,8950.0,0,0,0,1,0,0,0,0,0,1,1,64,2
46929.0,1,1,9900.0,1,1,0,1,1,1,1,0,1,1,1,58,2
46000.0,1,0,8900.0,0,0,0,0,0,1,0,0,0,1,1,62,2
45681.0,1,0,8745.0,0,0,0,0,0,1,0,0,0,1,1,64,2
45549.0,0,0,8750.0,0,0,0,1,0,0,0,0,0,0,0,64,2
45000.0,1,1,10750.0,0,1,0,1,0,0,1,1,0,1,0,56,2
45000.0,0,0,9750.0,0,0,0,1,0,0,0,0,0,0,0,56,2
45000.0,1,1,8850.0,0,0,0,0,1,0,1,1,0,0,1,64,2
45000.0,1,0,7950.0,0,0,0,1,0,1,0,0,0,1,1,65,2
45000.0,0,0,9450.0,0,0,0,1,0,0,0,0,1,1,0,62,2
45000.0,1,1,9950.0,0,1,0,0,1,0,1,0,0,0,1,60,2
44944.0,1,1,8250.0,0,1,0,1,0,0,1,0,0,1,0,62,2
44597.0,1,0,9950.0,1,0,0,0,0,0,0,0,0,1,0,60,2
44458.0,0,0,9995.0,0,0,0,0,0,0,0,1,1,1,1,67,2
43818.0,1,1,9950.0,0,1,0,0,0,0,0,0,0,1,1,58,2
43426.0,1,0,10495.0,1,1,0,1,0,0,0,0,1,1,1,59,2
43000.0,1,0,7950.0,0,0,0,1,0,0,1,0,0,0,0,57,0
43000.0,1,0,8950.0,0,0,0,1,0,0,0,0,0,0,0,67,2
43000.0,1,1,9695.0,1,1,0,0,0,0,0,1,0,0,0,56,2
43000.0,0,0,7750.0,0,0,0,0,0,0,0,0,0,0,0,63,2
42750.0,1,0,9950.0,0,0,0,1,0,0,0,0,0,1,1,67,2
42102.0,1,1,9950.0,0,0,0,1,1,0,1,1,1,1,1,66,2
41586.0,0,0,9950.0,0,0,0,1,0,0,0,0,0,1,0,62,2
41200.0,0,0,9900.0,0,0,0,0,0,0,1,0,0,1,0,63,2
40214.0,1,1,10950.0,0,0,0,0,1,1,1,1,1,1,1,56,2
40000.0,1,0,8950.0,0,0,0,1,0,0,0,0,1,1,0,59,2
39222.0,1,0,8950.0,0,1,0,1,0,1,0,0,1,1,1,65,2
39144.0,1,0,8250.0,0,0,0,1,0,0,1,0,1,1,1,65,2
39000.0,1,1,10250.0,0,0,0,1,1,0,1,1,1,1,1,61,2
38019.0,1,1,8750.0,0,1,0,1,0,1,0,0,1,1,1,60,2
37759.0,1,0,9750.0,0,0,0,1,0,1,0,0,1,1,1,67,2
37500.0,1,0,10950.0,0,0,0,0,0,0,0,0,1,1,1,60,2
37111.0,1,0,10950.0,0,1,0,1,0,1,1,0,1,1,1,59,2
37000.0,1,0,9750.0,0,1,0,0,0,0,0,0,0,1,1,61,2
36954.0,1,0,8900.0,1,1,0,1,0,1,1,0,1,1,1,58,2
36943.0,1,0,9500.0,0,1,0,0,0,1,0,0,1,1,1,59,2
36923.0,1,0,9950.0,0,0,0,0,0,1,0,0,0,1,1,62,2
36658.0,1,1,9950.0,0,1,0,0,0,1,1,0,0,1,1,65,2
36000.0,1,0,8250.0,0,0,0,1,0,0,0,0,0,1,1,64,2
36000.0,1,1,10450.0,0,0,0,1,1,1,1,1,1,1,1,64,2
35512.0,1,1,10950.0,0,0,0,1,1,1,1,1,0,1,1,61,2
35283.0,1,0,9250.0,0,0,0,1,0,0,1,0,0,1,1,64,2
35000.0,1,0,8900.0,0,0,1,1,0,1,1,0,1,1,1,67,2
35000.0,1,1,10900.0,0,0,0,1,1,1,1,0,1,1,1,56,2
34114.0,1,0,9750.0,0,0,0,0,0,1,0,0,1,1,1,63,2
34000.0,1,1,11950.0,0,0,0,0,1,0,1,1,0,1,1,57,2
33847.0,1,0,7900.0,0,0,0,1,0,0,0,0,1,1,0,67,2
33535.0,0,0,10900.0,0,0,0,0,0,0,0,0,0,1,0,56,2
33000.0,1,0,10450.0,0,0,0,0,0,0,0,1,0,1,1,64,2
32150.0,1,1,10950.0,0,1,1,1,0,1,0,1,0,1,1,58,2
31588.0,0,0,9950.0,0,0,0,1,0,0,0,0,1,1,1,64,2
31480.0,1,1,10750.0,0,0,0,1,1,0,1,1,0,1,1,59,2
31307.0,1,0,9900.0,0,0,0,1,0,1,0,0,1,1,1,56,2
31000.0,0,1,10750.0,1,0,0,1,0,0,1,0,0,1,0,67,2
30634.0,1,1,10450.0,0,1,0,1,1,0,1,1,1,1,1,57,2
30300.0,1,0,9450.0,0,1,0,1,0,0,1,0,1,1,0,67,2
28500.0,1,0,10750.0,1,0,0,1,0,0,1,0,0,1,1,59,2
28500.0,1,1,10950.0,0,0,0,0,1,0,1,1,0,1,1,59,2
28000.0,1,0,10000.0,0,0,0,0,0,1,1,0,0,1,1,56,2
26698.0,1,1,10500.0,0,0,0,0,1,0,1,0,0,1,1,67,2
26000.0,1,1,12500.0,0,0,0,0,0,0,1,0,0,1,1,61,2
25505.0,1,0,8950.0,0,1,0,1,0,1,1,0,1,1,1,61,2
25000.0,1,0,10500.0,0,0,0,1,0,0,1,0,0,0,0,57,2
22835.0,1,0,9245.0,0,0,0,1,0,0,1,0,1,1,1,65,2
22705.0,1,1,10950.0,0,0,0,1,1,0,1,1,1,1,1,58,2
22178.0,1,0,9500.0,0,0,0,1,0,0,1,0,0,1,1,62,2
17345.0,0,0,10900.0,0,0,0,1,0,0,1,0,0,1,1,61,2
15535.0,1,0,10950.0,0,1,0,1,0,0,0,0,0,1,0,66,2
15110.0,1,0,9450.0,0,0,0,0,0,1,0,0,0,1,1,65,2
143560.0,0,0,6950.0,0,0,0,1,0,0,0,0,0,1,1,79,2
139145.0,0,0,7950.0,0,1,0,0,0,0,0,0,0,0,0,70,1
138500.0,0,0,8950.0,0,0,0,0,0,0,0,0,0,1,1,78,2
137741.0,0,0,7950.0,1,0,0,1,0,0,0,0,0,1,0,73,1
137178.0,0,0,9500.0,0,1,0,1,0,0,1,0,0,0,0,79,1
134889.0,0,0,8600.0,0,0,0,1,0,0,1,0,1,1,1,75,1
134660.0,1,0,5950.0,0,0,0,0,0,0,0,0,0,1,0,70,1
134539.0,0,1,7750.0,0,1,0,0,0,0,1,0,0,1,1,72,2
131500.0,0,1,7950.0,0,0,0,0,1,0,1,0,0,1,1,78,1
131307.0,1,0,6950.0,0,0,0,1,0,1,0,0,0,1,1,76,2
130025.0,1,0,7250.0,0,0,0,1,0,1,0,0,0,1,1,73,2
130000.0,1,0,6500.0,0,0,0,0,0,0,0,0,0,1,0,77,2
128960.0,0,1,7250.0,1,1,0,1,0,1,1,0,0,1,1,76,2
128351.0,0,1,9250.0,0,0,0,1,0,0,1,0,0,1,1,79,2
128006.0,0,0,8250.0,0,0,0,1,0,0,1,1,1,1,1,72,2
127159.0,1,0,7250.0,0,1,0,1,0,0,0,0,0,1,1,70,1
126478.0,1,1,5250.0,0,0,0,1,0,0,0,1,0,1,0,71,2
126000.0,0,0,7900.0,0,0,0,1,0,0,0,0,0,0,0,76,2
125778.0,1,0,6900.0,0,0,0,0,0,1,0,0,0,1,1,75,2
125400.0,0,0,7900.0,0,0,0,0,0,0,1,0,0,0,0,74,2
124910.0,1,0,7250.0,0,0,0,0,0,1,0,0,0,1,1,73,1
124743.0,0,0,8450.0,0,1,0,1,0,0,1,1,0,1,1,69,2
124591.0,0,1,7950.0,0,0,0,1,0,0,1,0,1,1,1,75,2
124057.0,1,0,7950.0,0,0,0,1,0,1,0,0,1,1,1,73,2
123403.0,0,1,6450.0,1,1,0,1,0,0,1,0,1,1,1,71,2
123104.0,1,0,6650.0,0,0,0,1,0,1,0,0,0,1,1,74,2
123077.0,1,0,7950.0,0,0,0,1,0,1,0,0,0,1,1,73,2
122820.0,1,1,7250.0,0,0,0,0,1,0,1,1,0,1,1,79,2
122290.0,1,0,7450.0,1,1,0,0,0,1,0,1,0,1,1,76,2
121900.0,1,1,7950.0,0,1,0,1,0,0,1,0,0,1,0,73,2
121545.0,0,0,7250.0,0,1,0,1,0,0,0,0,0,1,1,76,2
120474.0,1,0,8250.0,0,0,0,1,0,1,0,0,0,1,1,70,1
120263.0,0,0,8950.0,0,0,0,1,0,0,0,0,0,1,0,75,1
120196.0,1,1,7750.0,0,0,0,1,1,1,1,1,0,1,1,73,2
120000.0,1,0,8500.0,0,0,0,0,0,1,0,1,0,1,1,70,2
120000.0,0,0,7750.0,0,1,0,0,1,0,1,0,0,1,1,77,2
115877.0,0,1,5750.0,0,1,0,0,0,0,0,0,0,1,0,72,2
115345.0,0,0,6900.0,0,1,0,1,0,0,1,0,0,1,1,75,2
115157.0,0,0,6500.0,1,0,0,1,0,0,1,1,0,1,0,70,2
115000.0,0,1,6500.0,0,1,0,1,0,1,0,0,0,1,1,77,2
114258.0,1,0,7600.0,0,1,0,1,0,1,0,0,0,1,1,76,2
112963.0,0,0,8950.0,0,1,0,1,0,0,0,0,1,1,1,72,1
112307.0,0,0,7450.0,0,1,0,1,0,0,1,0,1,1,1,73,2
112000.0,0,0,7350.0,0,0,0,1,0,0,1,0,0,1,1,71,2
111602.0,0,0,7750.0,0,0,0,1,0,1,1,0,0,1,1,72,2
111392.0,0,0,7460.0,0,0,0,0,0,0,1,1,0,1,0,79,0
110901.0,0,1,9250.0,0,0,0,1,0,0,1,0,1,1,1,75,2
110887.0,0,0,7250.0,0,0,0,1,1,0,1,0,0,1,1,79,2
110634.0,0,0,6500.0,0,0,0,1,0,1,1,1,1,1,1,71,2
110000.0,0,1,6800.0,1,1,0,1,0,0,1,0,0,1,0,79,2
109540.0,1,1,8700.0,0,0,0,0,0,1,1,0,1,1,1,74,2
109263.0,0,0,7500.0,0,1,0,0,0,0,0,0,0,1,0,77,2
107516.0,1,0,7750.0,0,0,0,1,0,1,0,0,1,1,1,70,2
107108.0,0,0,7950.0,0,1,0,1,0,1,1,0,0,1,1,72,2
107000.0,1,1,9950.0,0,0,0,1,0,1,1,1,0,1,1,74,2
106250.0,0,0,6640.0,0,0,0,0,0,0,0,0,0,1,1,73,2
106150.0,1,0,8750.0,0,0,0,0,0,0,0,0,0,1,0,70,2
106108.0,0,0,7750.0,0,0,0,1,0,0,1,1,0,1,1,71,2
105856.0,0,0,5950.0,1,0,0,0,0,1,0,0,0,1,1,71,2
105152.0,1,0,6750.0,0,0,0,0,0,1,0,0,0,1,1,76,2
105135.0,0,1,6500.0,0,1,0,1,0,1,0,0,0,1,1,79,2
104344.0,0,1,8750.0,1,0,0,1,0,0,1,0,0,1,0,75,2
104150.0,0,0,7950.0,1,0,0,1,0,1,1,0,0,1,1,73,2
104000.0,1,0,6750.0,0,0,0,1,0,0,0,0,0,1,1,73,2
103121.0,1,0,7950.0,0,0,0,1,0,0,1,0,0,1,0,72,2
102300.0,0,0,7950.0,0,1,0,1,0,0,0,0,0,0,0,79,2
102005.0,1,0,8950.0,0,0,1,1,1,0,1,0,0,1,1,74,2
102000.0,0,0,7750.0,0,0,0,1,0,0,0,0,1,1,1,76,2
101855.0,0,0,6450.0,1,1,0,1,0,0,0,0,0,1,1,74,2
101773.0,1,1,6900.0,0,0,0,0,0,1,0,0,0,1,1,73,2
101159.0,1,0,8450.0,0,0,0,1,0,1,1,0,0,1,1,74,2
101000.0,0,0,6750.0,0,0,0,0,0,0,1,0,0,1,0,73,2
100732.0,0,0,8050.0,0,1,0,1,0,0,0,0,0,1,0,73,2
100719.0,0,1,9500.0,0,0,0,0,0,0,1,0,0,1,1,78,2
100487.0,0,1,7750.0,0,0,0,0,0,0,1,0,1,1,0,77,2
100458.0,0,1,8500.0,0,0,0,0,0,0,0,0,0,1,1,79,2
100192.0,0,1,7795.0,0,0,1,1,0,0,1,1,1,1,1,74,2
100123.0,0,0,6490.0,1,0,0,1,0,0,0,0,1,1,1,79,2
99971.0,0,1,7950.0,0,0,0,1,0,1,1,0,0,1,1,72,2
99397.0,1,0,6425.0,0,1,0,0,0,1,0,0,0,1,1,78,2
99374.0,1,0,8950.0,0,1,0,1,0,0,0,0,0,1,1,68,2
99245.0,1,0,6950.0,0,0,0,1,1,0,1,0,0,0,0,71,2
98742.0,0,0,8750.0,0,0,0,0,0,0,0,0,1,1,1,78,2
98154.0,0,1,8450.0,0,0,0,1,0,0,1,1,0,1,0,70,2
98000.0,1,1,7950.0,0,1,0,1,0,0,1,1,0,0,0,76,2
97548.0,0,0,7950.0,0,0,0,0,0,0,0,1,1,1,1,79,2
97534.0,0,0,8900.0,1,1,0,1,0,0,0,0,0,0,0,77,2
97494.0,1,0,8950.0,0,0,1,1,0,1,1,0,1,1,1,72,2
97085.0,0,0,8900.0,1,1,0,1,0,0,1,0,1,1,1,72,2
97000.0,0,0,7950.0,0,0,0,0,0,0,0,0,1,1,0,68,2
96302.0,1,0,6495.0,0,1,0,1,0,1,0,0,0,1,1,73,2
96000.0,0,0,7250.0,0,1,0,1,0,0,0,1,0,0,1,77,2
96000.0,1,0,9250.0,0,1,0,1,0,1,0,0,1,1,1,73,2
95909.0,1,0,6650.0,0,1,0,1,0,1,0,0,0,1,1,77,2
95700.0,0,0,6990.0,0,0,0,0,0,0,0,0,0,0,0,78,2
95651.0,1,0,7750.0,1,1,0,1,0,0,0,0,0,1,1,77,2
95000.0,1,0,6950.0,0,0,0,1,0,1,0,0,1,1,1,78,2
94447.0,1,0,7250.0,1,0,0,0,0,1,1,0,0,1,1,79,2
94079.0,1,1,9950.0,1,1,0,1,0,0,1,0,1,1,1,79,2
93841.0,1,0,9250.0,0,0,0,0,0,0,0,0,0,0,0,79,2
93090.0,1,0,7200.0,0,1,0,1,0,1,1,0,0,1,1,78,2
93066.0,1,0,8250.0,0,1,0,1,1,0,1,1,0,1,1,71,2
93039.0,0,0,8950.0,0,0,0,1,1,0,1,1,0,1,1,78,2
93000.0,0,1,8250.0,0,1,0,1,0,0,1,0,0,1,1,76,2
92830.0,1,0,6250.0,0,0,0,1,0,0,0,0,0,1,1,79,2
92255.0,0,0,9900.0,0,0,0,0,0,0,1,0,1,1,1,79,2
92096.0,0,1,7300.0,0,1,0,1,0,0,0,0,0,1,1,79,2
91921.0,0,0,8950.0,0,0,0,1,0,0,1,0,0,1,0,71,2
91900.0,0,0,6500.0,0,0,0,1,0,1,1,1,0,1,1,69,2
91399.0,1,0,7950.0,0,1,1,1,0,1,0,0,1,1,1,77,2
91082.0,0,0,7450.0,0,1,0,1,0,0,0,0,1,1,1,74,2
90370.0,1,0,7950.0,0,0,0,1,0,1,0,1,1,1,1,70,2
90345.0,0,0,8500.0,0,1,0,1,0,0,1,0,0,0,0,77,2
90305.0,1,0,6950.0,0,1,0,1,0,1,0,0,0,1,1,76,2
90011.0,1,0,7950.0,0,0,0,0,0,1,0,0,1,1,1,77,2
90000.0,0,0,6750.0,1,0,0,1,0,0,0,0,0,1,1,76,2
89983.0,1,1,8450.0,0,0,0,0,1,0,1,1,1,1,1,69,2
89953.0,0,0,7500.0,0,0,0,0,0,0,0,0,0,1,0,77,2
89800.0,0,0,8750.0,1,0,0,1,0,0,0,0,0,1,1,73,1
89739.0,0,0,8750.0,0,0,0,1,0,0,0,0,1,1,1,78,2
89520.0,0,0,8950.0,0,0,0,1,0,0,0,0,1,1,1,75,2
89507.0,1,0,7450.0,0,0,0,0,0,1,0,0,0,1,1,74,2
89096.0,1,0,9200.0,1,0,0,1,0,1,1,0,0,1,1,68,2
88700.0,1,0,8950.0,0,0,0,1,0,1,0,0,0,1,1,73,2
88500.0,1,1,7850.0,0,1,0,1,1,0,1,0,0,0,1,71,2
88186.0,0,0,6950.0,0,0,0,1,0,0,0,0,0,1,1,72,1
88000.0,0,0,7200.0,1,1,0,1,0,1,1,0,0,1,1,74,2
87743.0,0,0,7450.0,0,0,0,0,1,0,1,0,0,1,1,77,2
87613.0,1,0,6750.0,0,0,0,0,0,1,0,0,0,1,1,74,2
87358.0,1,0,7500.0,0,0,0,1,1,1,1,1,1,1,1,72,2
87083.0,0,1,7450.0,0,1,0,0,0,0,1,0,1,1,1,71,2
87000.0,1,0,7950.0,0,0,0,1,0,0,0,0,1,1,0,69,2
87000.0,1,1,7250.0,0,1,0,1,0,0,0,0,0,1,0,77,2
87000.0,0,0,7950.0,1,0,0,1,0,0,0,0,0,1,0,72,2
87000.0,0,0,8250.0,1,1,0,1,0,0,0,0,0,1,1,79,2
86860.0,1,1,8250.0,0,0,0,0,1,0,1,1,1,1,1,71,2
86109.0,1,1,6750.0,1,1,0,1,1,0,1,0,0,1,1,79,2
86000.0,0,0,8750.0,0,1,1,1,0,0,1,0,0,0,0,78,2
86000.0,1,1,8950.0,0,0,0,0,1,0,1,0,0,1,0,79,2
85864.0,1,1,8500.0,0,1,0,1,0,1,1,0,0,1,1,69,1
85565.0,1,1,8250.0,0,1,0,0,0,1,1,1,0,1,1,79,2
85470.0,1,1,9450.0,0,1,0,0,0,1,0,0,0,1,1,69,2
85200.0,0,0,7950.0,0,0,0,1,0,0,0,0,1,1,1,72,2
85000.0,1,1,7900.0,0,0,0,1,1,0,1,0,1,1,1,69,2
84988.0,0,0,8500.0,0,1,0,1,0,0,0,0,0,1,1,72,2
84966.0,1,1,8250.0,0,1,0,0,0,1,1,0,0,1,1,78,2
84472.0,0,0,8250.0,1,1,0,1,0,0,0,0,1,1,1,75,2
84402.0,1,1,8950.0,0,0,0,1,0,0,1,0,1,1,0,72,2
84123.0,1,0,7950.0,0,0,0,0,0,1,0,0,0,1,1,73,2
84000.0,1,1,6950.0,0,0,0,0,1,0,1,1,0,1,1,79,2
84000.0,1,1,7250.0,1,1,0,1,0,0,0,0,0,1,0,77,2
84000.0,1,0,7750.0,0,0,0,1,0,1,0,0,0,0,1,76,2
83850.0,1,1,8700.0,0,0,0,1,1,0,1,0,0,1,1,74,2
83540.0,0,0,8950.0,0,1,0,1,0,0,0,0,1,1,0,79,2
83405.0,1,0,6750.0,0,1,0,1,0,1,0,0,0,1,1,75,2
83291.0,1,1,7500.0,0,1,0,1,0,0,0,0,0,1,1,70,2
83133.0,1,0,7950.0,0,0,0,0,0,1,0,0,0,1,1,68,2
83047.0,1,0,8950.0,0,1,0,1,0,1,0,0,0,1,1,70,2
82700.0,0,0,7950.0,1,0,0,0,0,0,1,0,0,1,1,70,2
82675.0,1,0,7450.0,0,0,0,0,0,1,0,0,0,1,1,77,2
82595.0,0,0,5950.0,0,0,0,1,0,0,0,0,0,0,0,77,2
82256.0,1,0,7750.0,0,0,0,1,0,1,1,0,0,1,1,74,2
82103.0,0,0,6950.0,0,0,0,1,0,1,0,0,1,1,1,76,2
82021.0,0,0,8750.0,0,0,0,1,0,0,0,0,1,1,1,79,2
82000.0,0,1,8950.0,0,0,0,1,0,0,1,1,0,0,0,70,2
81988.0,0,0,7495.0,1,1,0,1,0,0,1,0,1,1,1,78,2
81930.0,1,0,7750.0,0,1,0,0,0,1,0,0,1,1,1,75,2
81663.0,0,0,6950.0,0,1,0,0,0,0,1,0,0,1,0,69,2
80486.0,0,0,7990.0,1,1,0,1,0,0,0,0,0,1,1,76,2
80000.0,1,1,7250.0,0,1,0,1,0,0,0,0,0,0,0,77,2
79000.0,1,0,6900.0,0,0,0,0,0,0,0,0,0,1,1,68,2
78894.0,0,0,7750.0,0,1,0,0,0,0,0,0,0,1,1,73,2
78689.0,1,0,7250.0,0,0,0,0,0,0,0,0,0,1,0,77,2
78435.0,0,0,8950.0,0,0,0,0,0,0,0,0,0,1,0,76,2
78260.0,1,0,8500.0,0,1,0,0,0,0,0,0,0,0,0,70,2
78120.0,1,0,7950.0,0,0,0,1,1,0,1,0,1,1,1,71,2
77000.0,1,0,6950.0,0,0,0,0,0,0,0,0,0,1,0,76,2
77000.0,0,0,8000.0,0,1,0,0,0,0,1,0,0,0,1,77,2
76382.0,0,0,7950.0,0,1,1,1,1,0,1,0,0,1,1,74,2
76268.0,0,0,8500.0,0,0,0,1,0,0,0,0,1,1,1,75,2
76151.0,0,0,7490.0,0,0,0,1,1,1,0,1,0,1,1,72,2
76000.0,0,0,8250.0,0,0,0,0,0,0,1,1,1,1,1,79,2
76000.0,1,1,9250.0,0,1,0,1,0,0,1,0,0,1,1,70,2
75840.0,1,0,7950.0,0,0,0,0,0,1,0,0,0,1,1,71,2
75799.0,0,0,9500.0,0,0,0,1,0,0,0,0,0,0,0,76,2
75525.0,0,0,8950.0,1,0,0,1,0,0,1,1,0,0,0,71,2
75323.0,0,0,8450.0,0,1,0,1,0,0,0,0,0,0,0,77,2
75322.0,0,0,7995.0,0,1,0,1,0,0,0,0,0,0,0,78,2
75226.0,0,0,8750.0,0,1,0,0,0,0,0,0,0,1,0,77,2
75085.0,1,0,5950.0,0,0,0,0,0,1,0,0,0,1,1,70,2
75000.0,0,1,8500.0,0,0,0,0,1,0,1,0,0,0,1,72,2
75000.0,0,0,8950.0,0,0,0,1,0,0,0,0,1,0,0,68,2
75000.0,1,1,8750.0,0,1,1,1,1,0,1,0,1,1,0,68,2
74926.0,0,0,7600.0,0,1,0,1,0,0,1,0,0,1,0,77,2
74785.0,1,0,7145.0,0,1,0,1,0,1,0,0,0,1,1,79,2
74573.0,1,0,8450.0,0,0,0,1,0,1,0,0,1,1,1,68,2
74567.0,0,0,5950.0,0,0,0,1,0,0,0,0,0,0,0,74,2
74196.0,1,1,9000.0,0,1,1,0,1,0,1,1,0,1,1,79,2
74151.0,0,0,7250.0,0,1,0,1,0,1,0,0,0,1,1,79,2
74096.0,0,0,7400.0,0,0,1,1,0,1,1,0,0,1,1,74,2
74093.0,1,1,8800.0,0,0,0,1,1,0,1,1,1,1,1,78,2
74000.0,1,1,7750.0,0,1,0,0,0,1,0,0,0,0,1,70,2
74000.0,1,0,7500.0,0,0,0,1,0,1,0,0,0,1,1,74,2
73638.0,0,0,8450.0,0,0,0,1,0,0,1,0,0,1,0,77,2
73460.0,0,0,7400.0,0,1,1,1,0,0,0,0,0,1,1,74,2
73200.0,0,0,7500.0,0,0,0,1,0,1,1,0,0,1,1,79,2
73116.0,0,1,8950.0,0,0,0,1,1,0,1,1,0,1,1,75,2
73014.0,1,1,8950.0,0,1,0,1,1,0,1,0,0,1,1,69,2
72703.0,1,0,7950.0,0,0,0,1,0,1,0,0,0,1,1,76,2
72328.0,0,0,7950.0,0,1,0,1,1,0,1,0,0,1,1,78,2
72222.0,1,1,7950.0,0,0,0,1,0,0,1,0,0,1,1,77,2
72128.0,1,0,8950.0,0,1,0,1,0,1,1,0,0,1,1,70,2
72090.0,0,0,7750.0,1,1,0,1,0,0,0,0,1,1,1,77,2
72000.0,0,1,8250.0,0,1,0,1,0,0,1,0,1,0,0,77,2
72000.0,0,0,7950.0,0,0,0,0,1,0,1,0,1,1,1,77,2
71900.0,0,0,7750.0,0,0,0,1,0,0,0,0,1,1,1,76,2
71825.0,0,0,8500.0,0,0,0,0,0,0,1,0,0,1,1,76,2
71740.0,0,0,6950.0,1,1,0,1,0,0,0,0,0,1,0,79,2
71500.0,1,0,7500.0,0,1,0,1,0,0,0,0,0,1,0,79,2
71359.0,1,1,7750.0,0,0,0,1,0,1,0,0,1,1,1,78,2
71263.0,0,0,5950.0,0,0,1,0,0,0,0,0,0,0,0,78,2
71186.0,1,1,7500.0,0,0,0,0,0,1,0,0,0,1,1,77,2
71054.0,0,0,8950.0,0,0,0,0,0,0,0,0,0,1,0,71,2
71000.0,0,0,7950.0,0,0,0,1,0,0,0,0,1,0,0,75,2
70939.0,0,0,6900.0,0,1,0,1,0,0,1,0,0,1,0,79,2
70932.0,1,0,7450.0,0,0,0,1,0,1,1,0,1,1,1,76,2
70597.0,1,0,8500.0,0,1,1,1,0,1,1,0,1,1,1,79,2
70482.0,1,0,7500.0,0,0,0,1,0,0,0,0,0,1,0,72,2
70124.0,0,0,8750.0,1,0,0,1,0,0,1,0,1,1,1,76,2
70039.0,1,0,7500.0,0,1,0,1,0,1,0,0,1,1,1,75,2
69904.0,0,1,9950.0,0,0,0,0,0,0,1,0,0,1,1,79,2
69388.0,0,0,7950.0,0,0,0,0,0,0,0,0,0,0,0,74,2
69320.0,0,1,9950.0,0,0,0,1,0,0,1,0,1,1,1,74,2
69000.0,0,0,9250.0,0,0,1,1,1,0,1,0,0,1,1,77,2
68988.0,0,0,9250.0,0,0,0,1,0,0,0,1,1,1,1,72,2
68945.0,0,1,9950.0,0,1,0,1,0,0,1,0,1,1,1,78,2
68285.0,1,0,5950.0,0,0,0,1,0,1,0,0,1,1,1,73,2
68000.0,0,1,7995.0,1,1,0,1,0,0,1,0,0,1,0,75,2
68000.0,1,0,8950.0,0,0,0,1,0,0,0,0,1,1,1,69,2
67451.0,1,0,7450.0,0,0,1,1,0,0,0,0,0,1,0,74,2
67266.0,0,0,8250.0,1,0,0,1,0,1,1,0,0,1,1,75,2
67255.0,0,0,8500.0,0,0,0,0,0,0,0,0,0,1,1,77,2
67100.0,1,1,8500.0,1,0,0,1,1,0,1,1,0,1,1,69,2
67092.0,1,1,9400.0,0,0,0,1,0,1,1,0,0,1,1,68,1
66880.0,1,0,7250.0,0,1,0,1,1,0,1,1,1,1,1,79,2
66855.0,1,1,8950.0,0,1,0,1,1,0,1,1,0,1,1,78,2
66843.0,1,1,9450.0,0,0,0,1,1,0,1,1,1,1,1,79,2
66718.0,0,1,8500.0,0,0,0,1,0,0,1,0,0,0,0,73,2
66168.0,1,0,6750.0,0,0,0,1,0,0,0,0,1,1,1,79,2
65950.0,1,0,7400.0,0,0,0,0,0,1,0,0,0,1,1,79,2
65500.0,0,0,8950.0,0,0,0,1,0,0,0,0,1,1,0,77,2
65307.0,1,0,6900.0,0,1,0,1,1,0,1,1,1,1,1,79,2
65254.0,0,0,7750.0,0,1,1,1,0,0,0,0,1,1,1,78,2
65021.0,1,0,8950.0,0,1,0,1,0,0,0,0,0,1,1,70,1
65006.0,0,0,6950.0,1,0,0,1,0,1,0,0,0,1,1,74,2
64280.0,0,0,8495.0,0,0,0,0,0,0,0,1,1,1,0,76,2
64000.0,0,0,10000.0,0,0,0,0,1,0,1,0,0,1,1,74,2
64000.0,0,0,6999.0,0,1,0,1,0,0,0,0,0,1,1,70,2
64000.0,0,0,8950.0,0,0,0,0,1,0,1,0,0,1,1,79,2
63918.0,0,0,8500.0,0,0,0,0,0,0,1,0,0,1,0,78,2
63634.0,1,1,8750.0,0,0,0,1,0,0,1,1,0,1,1,74,2
63500.0,0,0,7499.0,0,1,0,1,0,0,1,0,0,0,0,79,2
63266.0,0,1,9000.0,0,0,0,1,0,0,1,0,1,1,0,79,2
62595.0,1,0,8950.0,0,0,0,1,0,1,0,0,1,1,1,76,2
62581.0,0,0,6950.0,0,0,0,0,0,0,1,0,0,1,1,79,2
62285.0,1,1,8500.0,0,1,0,1,1,0,1,1,1,1,1,76,2
61906.0,1,0,8450.0,0,0,0,1,1,1,1,0,0,1,1,76,2
61700.0,0,1,8950.0,0,0,0,0,0,0,0,0,0,1,1,73,2
61648.0,1,0,8250.0,0,1,0,1,0,1,1,0,1,1,1,76,2
61626.0,1,0,7950.0,0,0,0,0,0,0,0,0,0,1,0,74,2
61510.0,1,0,7450.0,0,1,0,0,0,0,0,0,1,1,0,69,2
61165.0,1,1,9000.0,0,0,0,1,0,1,0,0,1,1,1,78,2
61000.0,1,0,7150.0,0,1,0,1,0,0,1,0,0,1,0,69,2
60833.0,1,0,7750.0,0,0,0,1,0,0,0,0,0,1,0,75,2
60600.0,0,0,5845.0,1,0,0,0,0,0,0,0,0,0,0,69,2
60483.0,1,0,8500.0,0,0,0,1,0,0,1,0,1,1,1,71,2
60476.0,1,1,8250.0,0,0,0,1,1,0,1,0,0,1,0,79,2
60142.0,0,0,9450.0,0,0,0,0,0,0,1,0,1,1,0,78,2
60050.0,1,0,6750.0,0,1,0,1,0,0,0,0,0,1,1,68,2
60000.0,1,0,8400.0,0,0,1,1,0,1,1,0,0,1,1,76,2
60000.0,1,0,7900.0,0,0,0,0,0,1,0,0,1,1,1,75,2
59815.0,0,1,7950.0,0,1,0,1,1,0,1,0,0,0,0,75,2
59326.0,0,0,8750.0,0,0,0,1,0,0,0,0,1,1,1,79,2
59240.0,1,1,9900.0,1,0,0,1,0,1,1,0,1,1,1,72,2
59164.0,1,0,6495.0,0,0,0,0,0,0,0,0,0,1,0,70,2
59017.0,1,1,8250.0,0,1,0,1,0,1,1,0,1,1,1,69,2
58952.0,1,1,6900.0,1,1,0,1,0,1,1,0,0,1,1,68,2
58454.0,1,0,7500.0,0,1,0,1,0,1,1,0,0,1,1,73,2
58341.0,0,0,7950.0,0,1,1,1,0,0,0,0,1,1,0,74,2
58267.0,1,0,8250.0,1,0,0,1,0,0,1,1,0,1,0,79,2
58000.0,1,0,8950.0,1,1,0,0,0,0,1,1,0,0,0,79,2
57829.0,1,1,9750.0,0,0,0,0,1,0,1,0,0,1,0,69,2
57787.0,1,0,8250.0,0,0,0,0,0,1,0,0,1,1,1,79,2
57628.0,0,0,8900.0,0,0,0,0,0,0,1,0,0,1,1,77,2
57537.0,0,0,8950.0,0,0,0,1,0,0,0,0,0,1,1,74,2
57263.0,0,0,6750.0,0,1,0,1,0,0,0,1,0,1,1,75,2
57144.0,1,0,7950.0,0,1,0,1,0,1,0,1,1,1,1,74,2
57096.0,1,0,8600.0,0,1,0,1,1,1,1,1,0,1,1,68,2
57000.0,0,0,7750.0,0,0,0,0,0,0,0,0,1,1,0,79,2
56566.0,0,1,7800.0,0,1,0,1,0,1,1,1,0,1,1,72,2
56307.0,1,1,8750.0,0,0,0,1,0,1,1,0,1,1,1,72,2
56214.0,1,0,9500.0,0,0,0,0,0,0,1,0,0,0,0,78,2
56132.0,0,0,7750.0,0,0,0,0,0,0,0,0,0,1,0,73,2
55425.0,0,1,9950.0,0,0,0,0,0,0,1,0,1,1,1,78,2
54439.0,0,0,7750.0,1,1,0,1,0,0,1,0,0,1,1,76,2
53809.0,1,0,5950.0,0,0,0,1,0,1,0,0,0,1,1,68,2
53133.0,0,1,10950.0,0,0,0,1,0,1,0,0,1,1,1,75,2
52900.0,0,0,9450.0,0,0,0,1,0,0,0,0,0,1,0,76,2
52700.0,0,0,8250.0,0,1,0,0,0,1,0,0,0,1,1,79,2
52320.0,1,0,9750.0,0,1,0,0,0,0,1,0,1,1,1,68,2
52287.0,1,0,7450.0,0,0,0,0,0,0,1,0,0,1,0,77,2
52000.0,1,1,8750.0,1,0,0,0,0,0,1,0,0,0,0,74,2
52000.0,0,0,8750.0,0,1,0,1,0,0,0,0,0,1,1,68,2
52000.0,0,0,8500.0,0,1,0,1,0,0,1,0,1,1,0,72,2
51874.0,1,0,8950.0,1,0,0,0,0,0,0,0,0,1,0,69,2
49827.0,0,0,7500.0,0,0,0,1,0,0,1,0,0,1,1,78,2
49640.0,1,0,7250.0,0,1,1,1,0,0,0,0,0,1,0,68,2
49580.0,1,0,7450.0,0,0,0,1,0,0,1,0,0,1,0,79,2
49170.0,0,0,8750.0,0,0,0,0,0,0,0,0,1,1,0,75,2
48838.0,0,0,9800.0,0,0,0,0,1,0,1,0,0,1,1,76,2
48576.0,1,0,7500.0,0,0,0,1,0,0,0,0,1,1,1,70,2
48400.0,1,0,8950.0,0,0,0,1,0,0,1,1,0,1,1,74,2
48242.0,0,0,8950.0,0,1,0,1,0,0,0,0,0,1,0,73,2
47955.0,0,0,7450.0,1,0,0,1,0,0,0,0,0,1,0,69,2
47633.0,0,1,8950.0,0,1,0,1,0,0,0,0,0,0,0,70,2
47400.0,0,0,10500.0,1,1,0,1,1,0,1,0,1,1,1,77,2
47360.0,0,0,7000.0,0,0,0,0,0,0,0,0,0,1,1,72,2
45507.0,1,1,8500.0,0,1,0,1,0,1,1,0,0,1,1,76,2
45410.0,1,0,7750.0,0,0,0,1,0,0,0,0,1,1,1,75,2
44850.0,1,1,8950.0,0,0,1,1,0,1,0,0,0,1,1,69,2
44826.0,0,1,8250.0,0,1,0,0,0,0,1,0,0,1,1,68,2
44444.0,1,1,9250.0,0,0,1,1,1,1,1,1,1,1,1,79,2
43720.0,1,0,7900.0,0,1,0,1,0,1,0,0,0,1,1,74,2
43622.0,0,0,8500.0,0,0,0,1,0,0,1,0,0,1,0,77,2
43532.0,0,0,7950.0,0,0,0,0,0,0,0,0,1,1,1,75,2
42800.0,1,0,9950.0,0,0,0,1,0,1,0,0,1,1,1,68,2
42317.0,0,1,8750.0,1,1,0,1,1,0,1,0,1,1,1,73,2
42186.0,1,0,7500.0,0,1,0,1,1,0,0,0,0,1,1,79,2
42000.0,1,0,6950.0,0,0,0,1,0,1,0,0,0,1,1,71,2
40093.0,0,0,8950.0,1,0,0,0,0,0,1,0,0,1,0,78,2
39800.0,1,0,8750.0,0,0,0,0,0,1,0,0,0,1,1,78,2
39168.0,1,0,7750.0,0,0,0,0,0,1,0,0,1,1,1,72,2
38945.0,0,1,8450.0,0,0,0,1,0,0,1,1,1,1,1,74,2
36537.0,0,0,8150.0,0,0,0,0,0,0,0,0,0,1,0,75,2
36000.0,0,0,8500.0,0,0,0,0,0,0,0,0,0,1,1,77,2
36000.0,0,0,7600.0,0,0,0,1,0,0,1,1,1,1,1,77,2
35821.0,1,0,7950.0,0,0,0,0,0,0,0,0,0,1,0,79,2
34717.0,0,0,7750.0,0,0,0,0,0,0,0,0,0,1,0,72,2
34000.0,0,0,7950.0,0,0,0,1,0,0,0,0,1,1,0,79,2
30964.0,0,1,9950.0,0,1,0,0,0,0,0,0,1,1,0,77,2
29000.0,0,0,8950.0,0,0,0,1,0,0,0,0,1,1,1,70,2
26000.0,1,0,8450.0,0,0,0,0,0,1,0,0,0,1,1,71,2
24000.0,0,0,8950.0,0,1,0,1,0,0,0,0,1,1,0,77,2
23000.0,1,0,8450.0,0,0,0,0,0,1,0,1,0,1,1,79,2
20544.0,1,1,7500.0,0,0,0,1,1,1,1,0,1,1,1,68,2
19000.0,1,0,10845.0,0,0,0,0,0,1,0,0,0,1,1,71,2
17016.0,0,0,8500.0,0,0,0,0,0,0,0,0,0,1,1,70,2
16916.0,0,0,7250.0,0,0,0,1,0,0,0,0,1,1,1,69,2
